{"type":"FeatureCollection","features":[{"type":"Feature","geometry":{"type":"Point","coordinates":[22.5,38.47]},"properties":{"id":"prometheus-fire","name":"Prometheus Steals Fire","mythologyId":"greek","type":"quest","era":"MÖ 800","eraBucket":"ancient","summary":"Prometheus, a Titan, stole fire from Mount Olympus and gave it to humanity, enabling civilization. Zeus punished him by chaining him to a rock where an eagle ate his liver daily, only for it to regenerate each night. Heracles eventually freed him. The myth symbolizes the price of knowledge and defiance of divine authority.","imageUrl":"","themes":"fire,sacrifice,defiance,knowledge,punishment"}},{"type":"Feature","geometry":{"type":"Point","coordinates":[20.49,38.37]},"properties":{"id":"odyssey","name":"The Odyssey","mythologyId":"greek","type":"quest","era":"MÖ 800","eraBucket":"ancient","summary":"After the Trojan War, Odysseus spent ten years trying to return home to Ithaca. He faced the Cyclops, Sirens, Scylla and Charybdis, and the enchantress Circe. Meanwhile, his wife Penelope fended off suitors. The epic explores nostos (homecoming), cunning over brute force, and the costs of hubris.","imageUrl":"https://upload.wikimedia.org/wikipedia/commons/thumb/e/ea/Fragment_Odyssee_2245_2.jpg/960px-Fragment_Odyssee_2245_2.jpg","themes":"journey,cunning,loyalty,homecoming,temptation"}},{"type":"Feature","geometry":{"type":"Point","coordinates":[26.24,39.96]},"properties":{"id":"iliad-achilles","name":"Wrath of Achilles (Iliad)","mythologyId":"greek","type":"war","era":"MÖ 750","eraBucket":"ancient","summary":"The Iliad focuses on a few weeks during the tenth year of the Trojan War. Achilles withdraws from battle after Agamemnon takes his war prize. When Patroclus is killed by Hector, Achilles returns in devastating fury, slaying Hector and dragging his body around Troy. The poem ends with Hector's funeral.","imageUrl":"","themes":"honor,wrath,mortality,war,grief"}},{"type":"Feature","geometry":{"type":"Point","coordinates":[22.8,37.63]},"properties":{"id":"heracles-labors","name":"Twelve Labors of Heracles","mythologyId":"greek","type":"hero","era":"MÖ 700","eraBucket":"ancient","summary":"Driven mad by Hera, Heracles killed his family. As penance, he completed twelve impossible labors: slaying the Nemean Lion, killing the Lernaean Hydra, capturing the Ceryneian Hind, and more. The final labor required him to bring Cerberus from the underworld. These trials earned him immortality.","imageUrl":"","themes":"redemption,strength,perseverance,heroism,divine-trial"}},{"type":"Feature","geometry":{"type":"Point","coordinates":[24.88,41.12]},"properties":{"id":"orpheus-eurydice","name":"Orpheus and Eurydice","mythologyId":"greek","type":"love","era":"MÖ 600","eraBucket":"ancient","summary":"The musician Orpheus descended to the underworld to retrieve his dead wife Eurydice. His music moved Hades, who agreed to release her if Orpheus did not look back. At the last moment, Orpheus glanced back, losing Eurydice forever. The myth explores the power and limits of art and love.","imageUrl":"https://upload.wikimedia.org/wikipedia/commons/thumb/6/64/Christian_Gottlieb_Kratzenstein%2C_Orpheus_and_Eurydice%2C_1806%2C_Ny_Carlsberg_Glyptotek%2C_Copenhagen_%2836420346045%29.jpg/440px-Christian_Gottlieb_Kratzenstein%2C_Orpheus_and_Eurydice%2C_1806%2C_Ny_Carlsberg_Glyptotek%2C_Copenhagen_%2836420346045%29.jpg","themes":"love,death,music,loss,forbidden-glance"}},{"type":"Feature","geometry":{"type":"Point","coordinates":[22.35,40.08]},"properties":{"id":"greek-creation","name":"Greek Creation (Chaos to Olympians)","mythologyId":"greek","type":"creation","era":"MÖ 800","eraBucket":"ancient","summary":"From primordial Chaos emerged Gaia (Earth), Tartarus (Abyss), and Eros (Love). Gaia bore Uranus (Sky), whose children the Titans were imprisoned until Kronos castrated his father. Zeus then overthrew Kronos, establishing the Olympian order. This succession myth mirrors Near Eastern creation patterns.","imageUrl":"https://upload.wikimedia.org/wikipedia/commons/thumb/6/64/Cornelis_van_Haarlem_-_The_Fall_of_the_Titans_-_Google_Art_Project.jpg/800px-Cornelis_van_Haarlem_-_The_Fall_of_the_Titans_-_Google_Art_Project.jpg","themes":"creation,succession,cosmic-order,generational-conflict"}},{"type":"Feature","geometry":{"type":"Point","coordinates":[22.43,37.07]},"properties":{"id":"persephone-seasons","name":"Persephone and the Seasons","mythologyId":"greek","type":"nature","era":"MÖ 700","eraBucket":"ancient","summary":"Hades abducted Persephone to the underworld. Her mother Demeter, goddess of harvest, caused the earth to become barren in grief. Zeus brokered a compromise: Persephone would spend part of the year below and part above. Her return brings spring; her descent brings winter.","imageUrl":"https://upload.wikimedia.org/wikipedia/commons/thumb/0/0b/Frederic_Leighton_-_The_Return_of_Persephone_%281891%29.jpg/440px-Frederic_Leighton_-_The_Return_of_Persephone_%281891%29.jpg","themes":"seasons,abduction,grief,rebirth,nature"}},{"type":"Feature","geometry":{"type":"Point","coordinates":[12.49,41.89]},"properties":{"id":"romulus-remus","name":"Romulus and Remus","mythologyId":"roman","type":"hero","era":"MÖ 753","eraBucket":"ancient","summary":"Twin sons of Mars and the Vestal Virgin Rhea Silvia, abandoned on the Tiber and raised by a she-wolf. As adults they founded a city, but quarreled over its location. Romulus killed Remus and named the city Rome. The fratricide shadowed Roman history with themes of necessary violence.","imageUrl":"https://upload.wikimedia.org/wikipedia/commons/thumb/6/6a/She-wolf_suckles_Romulus_and_Remus.jpg/800px-She-wolf_suckles_Romulus_and_Remus.jpg","themes":"foundation,fratricide,destiny,civilization,violence"}},{"type":"Feature","geometry":{"type":"Point","coordinates":[26.24,39.96]},"properties":{"id":"aeneid","name":"The Aeneid","mythologyId":"roman","type":"quest","era":"MÖ 29","eraBucket":"ancient","summary":"After Troy fell, the hero Aeneas journeyed to Italy guided by destiny. He loved and abandoned Queen Dido of Carthage, descended to the underworld, and fought wars in Latium. His descendants would found Rome. Virgil's epic connected Roman power to Trojan heritage and divine mandate.","imageUrl":"https://upload.wikimedia.org/wikipedia/commons/thumb/6/6e/Aeneas%27_Flight_from_Troy_by_Federico_Barocci.jpg/440px-Aeneas%27_Flight_from_Troy_by_Federico_Barocci.jpg","themes":"destiny,duty,sacrifice,empire,journey"}},{"type":"Feature","geometry":{"type":"Point","coordinates":[-21.94,64.15]},"properties":{"id":"ragnarok","name":"Ragnarök — Twilight of the Gods","mythologyId":"norse","type":"cosmology","era":"MS 1200","eraBucket":"medieval","summary":"Ragnarök is the prophesied end of the Norse cosmos. Loki breaks free, the Midgard Serpent rises from the sea, Fenrir devours Odin, and Thor and the serpent kill each other. The world sinks into the sea, only to rise again green and renewed. Two human survivors repopulate the earth.","imageUrl":"https://upload.wikimedia.org/wikipedia/commons/thumb/6/67/Battle_of_the_Doomed_Gods_by_Friedrich_Wilhelm_Heine.jpg/1280px-Battle_of_the_Doomed_Gods_by_Friedrich_Wilhelm_Heine.jpg","themes":"apocalypse,fate,rebirth,sacrifice,doom"}},{"type":"Feature","geometry":{"type":"Point","coordinates":[18.07,59.33]},"properties":{"id":"sigurd-dragon","name":"Sigurd and Fafnir","mythologyId":"norse","type":"hero","era":"MS 1200","eraBucket":"medieval","summary":"The hero Sigurd, guided by the smith Regin, slew the dragon Fafnir and bathed in its blood, gaining near-invulnerability. He tasted the dragon's heart and could understand bird speech. He woke the Valkyrie Brynhild from her enchanted sleep. His story ends in betrayal and tragedy at the Burgundian court.","imageUrl":"https://upload.wikimedia.org/wikipedia/commons/thumb/0/09/Sigurd_kills_Fafnir_by_Arthur_Rackham.jpg/440px-Sigurd_kills_Fafnir_by_Arthur_Rackham.jpg","themes":"dragon-slaying,treasure,betrayal,heroism,cursed-gold"}},{"type":"Feature","geometry":{"type":"Point","coordinates":[-18.53,64.96]},"properties":{"id":"norse-creation","name":"Norse Creation — Ginnungagap","mythologyId":"norse","type":"creation","era":"MS 1200","eraBucket":"medieval","summary":"In the beginning was Ginnungagap, the yawning void between fire (Muspelheim) and ice (Niflheim). The frost giant Ymir formed from melting ice, nourished by the cosmic cow Audhumla. Odin and his brothers slew Ymir and fashioned the world from his body: his flesh became earth, blood became seas, skull became sky.","imageUrl":"https://upload.wikimedia.org/wikipedia/commons/thumb/2/2d/AM_738_4to_Ginnungagap.png/440px-AM_738_4to_Ginnungagap.png","themes":"creation,sacrifice,cosmos,ice-fire,primordial-being"}},{"type":"Feature","geometry":{"type":"Point","coordinates":[45.64,31.32]},"properties":{"id":"gilgamesh-quest","name":"Epic of Gilgamesh","mythologyId":"mesopotamian","type":"quest","era":"MÖ 2100","eraBucket":"ancient","summary":"King Gilgamesh of Uruk, two-thirds god, befriended the wild man Enkidu. Together they slew Humbaba and the Bull of Heaven. When Enkidu died, Gilgamesh sought immortality from flood-survivor Utnapishtim. He found the plant of youth but a serpent stole it. He returned home accepting mortality, his legacy being the walls of Uruk.","imageUrl":"https://upload.wikimedia.org/wikipedia/commons/thumb/7/7a/British_Museum_Flood_Tablet.jpg/960px-British_Museum_Flood_Tablet.jpg","themes":"immortality,friendship,mortality,quest,civilization"}},{"type":"Feature","geometry":{"type":"Point","coordinates":[44.42,32.54]},"properties":{"id":"enuma-elish","name":"Enuma Elish — Babylonian Creation","mythologyId":"mesopotamian","type":"creation","era":"MÖ 1750","eraBucket":"ancient","summary":"From the mixing of sweet water (Apsu) and salt water (Tiamat) came the first gods. When Apsu plotted to destroy them, Enki killed him. Tiamat raised an army of monsters. Marduk slew Tiamat, splitting her body to form heaven and earth. Humans were created from Kingu's blood to serve the gods.","imageUrl":"https://upload.wikimedia.org/wikipedia/commons/thumb/c/c3/Chaos_Monster_and_Sun_God.png/960px-Chaos_Monster_and_Sun_God.png","themes":"creation,cosmic-battle,divine-kingship,primordial-waters"}},{"type":"Feature","geometry":{"type":"Point","coordinates":[44.37,33.31]},"properties":{"id":"ishtar-descent","name":"Ishtar's Descent to the Underworld","mythologyId":"mesopotamian","type":"afterlife","era":"MÖ 1900","eraBucket":"ancient","summary":"Ishtar descended through the seven gates of the underworld, removing one garment at each gate until she stood naked before her sister Ereshkigal, queen of the dead. The world above withered without her. She was rescued but had to send a substitute — her lover Tammuz, who would spend half the year below.","imageUrl":"","themes":"descent,death,rebirth,sacrifice,seasons"}},{"type":"Feature","geometry":{"type":"Point","coordinates":[45.64,31.32]},"properties":{"id":"mesopotamian-flood","name":"The Great Flood (Utnapishtim)","mythologyId":"mesopotamian","type":"cosmology","era":"MÖ 2100","eraBucket":"ancient","summary":"The gods decided to destroy humanity with a flood. Enki warned Utnapishtim, who built a great boat and loaded it with animals and craftsmen. After seven days the flood subsided. Utnapishtim released a dove, swallow, and raven. The gods granted him immortality. This predates the biblical Noah story.","imageUrl":"https://upload.wikimedia.org/wikipedia/commons/thumb/7/7a/British_Museum_Flood_Tablet.jpg/440px-British_Museum_Flood_Tablet.jpg","themes":"flood,divine-judgment,survival,renewal,obedience"}},{"type":"Feature","geometry":{"type":"Point","coordinates":[32.9,26.12]},"properties":{"id":"osiris-isis","name":"Osiris, Isis, and Set","mythologyId":"egyptian","type":"afterlife","era":"MÖ 2400","eraBucket":"ancient","summary":"Set murdered his brother Osiris, dismembering and scattering his body across Egypt. Isis gathered the pieces and resurrected Osiris long enough to conceive Horus. Osiris became lord of the dead. Horus grew up to challenge Set, eventually winning kingship. This myth established the pharaonic succession pattern.","imageUrl":"","themes":"murder,resurrection,revenge,kingship,afterlife"}},{"type":"Feature","geometry":{"type":"Point","coordinates":[32.65,25.72]},"properties":{"id":"book-of-dead","name":"Journey Through the Duat (Book of the Dead)","mythologyId":"egyptian","type":"afterlife","era":"MÖ 1550","eraBucket":"ancient","summary":"Each night Ra traveled through the twelve hours of the Duat (underworld), battling the serpent Apophis. Dead souls followed the same path, facing trials and gates guarded by demons. In the Hall of Two Truths, Anubis weighed the heart against Ma'at's feather. Ammit devoured those who failed.","imageUrl":"","themes":"afterlife,judgment,soul,journey,truth"}},{"type":"Feature","geometry":{"type":"Point","coordinates":[31.31,30.13]},"properties":{"id":"egyptian-creation","name":"Creation by Atum at Heliopolis","mythologyId":"egyptian","type":"creation","era":"MÖ 2400","eraBucket":"ancient","summary":"Atum emerged from the primordial waters of Nun atop the first mound (benben). Through self-creation, he produced Shu (air) and Tefnut (moisture). They bore Geb (earth) and Nut (sky), who were separated by their father Shu. This Ennead of nine gods formed the basis of Egyptian cosmology.","imageUrl":"","themes":"creation,self-generation,cosmic-order,separation"}},{"type":"Feature","geometry":{"type":"Point","coordinates":[76.83,29.97]},"properties":{"id":"mahabharata-war","name":"Mahabharata — Kurukshetra War","mythologyId":"hindu","type":"war","era":"MÖ 400","eraBucket":"ancient","summary":"The great war between the Pandava and Kaurava cousins for the throne of Hastinapura lasted eighteen days. Krishna served as Arjuna's charioteer, delivering the Bhagavad Gita on the battlefield. The Pandavas won but at devastating cost, with almost all warriors dead. The epic addresses dharma, duty, and cosmic justice.","imageUrl":"https://upload.wikimedia.org/wikipedia/commons/thumb/b/ba/Kurukshetra.jpg/640px-Kurukshetra.jpg","themes":"war,duty,dharma,cosmic-justice,family-conflict"}},{"type":"Feature","geometry":{"type":"Point","coordinates":[80.33,26.45]},"properties":{"id":"ramayana","name":"Ramayana — Rama's Journey","mythologyId":"hindu","type":"quest","era":"MÖ 500","eraBucket":"ancient","summary":"Prince Rama was exiled for fourteen years with his wife Sita and brother Lakshmana. The demon king Ravana abducted Sita to Lanka. Rama allied with Hanuman and the monkey army, built a bridge across the ocean, and defeated Ravana. He returned to Ayodhya as king, celebrated as the festival Diwali.","imageUrl":"https://upload.wikimedia.org/wikipedia/commons/thumb/c/c2/R%C4%81ma_slays_R%C4%81va%E1%B9%87a.png/960px-R%C4%81ma_slays_R%C4%81va%E1%B9%87a.png","themes":"exile,rescue,devotion,duty,good-vs-evil"}},{"type":"Feature","geometry":{"type":"Point","coordinates":[77.21,28.61]},"properties":{"id":"samudra-manthan","name":"Churning of the Ocean of Milk","mythologyId":"hindu","type":"creation","era":"MÖ 400","eraBucket":"ancient","summary":"Devas and Asuras cooperated to churn the cosmic ocean using Mount Mandara as a churning rod and Vasuki the serpent as a rope. From the ocean emerged treasures: Lakshmi, the divine physician, the moon, and the elixir of immortality (amrita). Vishnu as Mohini tricked the Asuras to ensure only the Devas drank the amrita.","imageUrl":"https://upload.wikimedia.org/wikipedia/commons/thumb/b/b1/Kurma_avatar_of_Vishnu.jpg/440px-Kurma_avatar_of_Vishnu.jpg","themes":"creation,cooperation,trickery,immortality,cosmic-struggle"}},{"type":"Feature","geometry":{"type":"Point","coordinates":[108.94,34.26]},"properties":{"id":"pangu-creation","name":"Pangu Creates the World","mythologyId":"chinese","type":"creation","era":"MS 200","eraBucket":"ancient","summary":"Pangu was born inside a cosmic egg of chaos. He grew for 18,000 years, pushing heaven and earth apart. When he died, his body became the world: breath became wind, voice became thunder, eyes became sun and moon, blood became rivers, and parasites on his body became humanity.","imageUrl":"https://upload.wikimedia.org/wikipedia/commons/thumb/5/5b/Pangu.jpg/440px-Pangu.jpg","themes":"creation,sacrifice,cosmic-egg,transformation"}},{"type":"Feature","geometry":{"type":"Point","coordinates":[108.94,34.26]},"properties":{"id":"nuwa-creation","name":"Nüwa Creates Humanity","mythologyId":"chinese","type":"creation","era":"MÖ 300","eraBucket":"ancient","summary":"After Pangu created the world, the goddess Nüwa was lonely. She shaped humans from yellow clay — carefully crafting nobles by hand and flinging drops of mud for commoners. She also repaired the sky when it was torn, using five colored stones. With her brother-husband Fuxi, she established marriage and civilization.","imageUrl":"","themes":"creation,humanity,feminine-divine,repair,civilization"}},{"type":"Feature","geometry":{"type":"Point","coordinates":[108.94,34.26]},"properties":{"id":"monkey-king","name":"Journey to the West — Monkey King","mythologyId":"chinese","type":"quest","era":"MS 1592","eraBucket":"modern","summary":"Sun Wukong, born from a stone egg, achieved immortality and wreaked havoc in Heaven before being imprisoned under a mountain by Buddha for 500 years. Released to accompany the monk Xuanzang on a pilgrimage to India for Buddhist scriptures, he protected the monk through 81 trials with his magical abilities.","imageUrl":"https://upload.wikimedia.org/wikipedia/commons/thumb/f/f8/Xuanzang_w.jpg/440px-Xuanzang_w.jpg","themes":"journey,redemption,trickster,enlightenment,pilgrimage"}},{"type":"Feature","geometry":{"type":"Point","coordinates":[135.17,34.23]},"properties":{"id":"izanagi-izanami","name":"Izanagi and Izanami Create Japan","mythologyId":"japanese","type":"creation","era":"MS 712","eraBucket":"medieval","summary":"The divine couple Izanagi and Izanami stirred the cosmic ocean with a jeweled spear, and drops formed the Japanese islands. They created gods, but Izanami died giving birth to fire. Izanagi descended to Yomi (underworld) but fled in horror at her decayed form. Purifying himself, he birthed Amaterasu, Tsukuyomi, and Susanoo.","imageUrl":"","themes":"creation,death,purification,forbidden-glance,birth"}},{"type":"Feature","geometry":{"type":"Point","coordinates":[131.07,32.72]},"properties":{"id":"amaterasu-cave","name":"Amaterasu and the Cave","mythologyId":"japanese","type":"nature","era":"MS 712","eraBucket":"medieval","summary":"Offended by her brother Susanoo's violence, Amaterasu hid in a cave, plunging the world into darkness. The gods gathered outside, and Amenouzume performed an ecstatic dance that made them laugh. Curious, Amaterasu peeked out and was pulled into the light. The world was illuminated again.","imageUrl":"https://upload.wikimedia.org/wikipedia/commons/thumb/4/44/Amaterasu_cave_crop.jpg/640px-Amaterasu_cave_crop.jpg","themes":"light,darkness,dance,curiosity,restoration"}},{"type":"Feature","geometry":{"type":"Point","coordinates":[125.75,39.02]},"properties":{"id":"dangun","name":"Dangun — Founding of Korea","mythologyId":"korean","type":"creation","era":"MÖ 2333","eraBucket":"ancient","summary":"Hwanung, son of the Lord of Heaven, descended to Mount Baekdu. A bear and tiger wished to become human. Given garlic and mugwort in a cave for 100 days, only the bear persevered, becoming a woman. She married Hwanung and bore Dangun, who founded Gojoseon (Old Korea) in 2333 BCE.","imageUrl":"https://upload.wikimedia.org/wikipedia/commons/thumb/c/c3/Dangun_painting.jpg/440px-Dangun_painting.jpg","themes":"foundation,perseverance,transformation,divine-descent"}},{"type":"Feature","geometry":{"type":"Point","coordinates":[-98.84,19.69]},"properties":{"id":"aztec-five-suns","name":"Five Suns — Aztec Creation Cycles","mythologyId":"aztec","type":"creation","era":"MS 1400","eraBucket":"medieval","summary":"The Aztec cosmos underwent five creations (Suns), each destroyed by a different cataclysm. The first by jaguars, second by wind, third by fire-rain, fourth by flood. In the fifth (current) Sun, the humble god Nanahuatzin sacrificed himself by jumping into fire to become the sun, requiring blood sacrifice to maintain its movement.","imageUrl":"https://upload.wikimedia.org/wikipedia/commons/thumb/7/79/Aztec_Sun_Stone_Replica_cropped.jpg/640px-Aztec_Sun_Stone_Replica_cropped.jpg","themes":"creation,destruction,sacrifice,cycles,blood"}},{"type":"Feature","geometry":{"type":"Point","coordinates":[-90.37,15.45]},"properties":{"id":"popol-vuh","name":"Popol Vuh — Hero Twins","mythologyId":"maya","type":"hero","era":"MS 1554","eraBucket":"modern","summary":"The Hero Twins, Hunahpu and Xbalanque, descended to the underworld Xibalba to avenge their father. Through cleverness they defeated the Lords of Death in ball games and trials. They were sacrificed, ground up, and thrown into a river, but regenerated. They tricked the lords into being sacrificed and rose as the sun and moon.","imageUrl":"https://upload.wikimedia.org/wikipedia/commons/thumb/3/39/Hero_Twins.jpg/440px-Hero_Twins.jpg","themes":"hero-journey,death,rebirth,trickster,ball-game"}},{"type":"Feature","geometry":{"type":"Point","coordinates":[-70.02,-15.84]},"properties":{"id":"inca-viracocha","name":"Viracocha Creates the World","mythologyId":"inca","type":"creation","era":"MS 1200","eraBucket":"medieval","summary":"Viracocha rose from Lake Titicaca and created the sun, moon, and stars. He fashioned humans from stone but was unsatisfied. He caused a great flood, then created humans again from clay, giving each nation its language, songs, and customs. He walked across the Pacific and vanished, promising to return.","imageUrl":"https://upload.wikimedia.org/wikipedia/commons/thumb/b/b8/Inca_Viracocha.jpg/440px-Inca_Viracocha.jpg","themes":"creation,flood,departure,divine-mandate,civilization"}},{"type":"Feature","geometry":{"type":"Point","coordinates":[30.52,50.45]},"properties":{"id":"perun-veles","name":"Perun vs Veles","mythologyId":"slavic","type":"cosmology","era":"MÖ 500","eraBucket":"ancient","summary":"The thunder god Perun eternally battles the chthonic serpent-god Veles, who steals cattle, water, or Perun's wife from the heavens. Perun hurls lightning to strike Veles, who hides in trees, animals, or water. The cycle of theft and retribution mirrors the seasonal cycle and the cosmic order.","imageUrl":"","themes":"cosmic-battle,thunder,serpent,cycles,divine-conflict"}},{"type":"Feature","geometry":{"type":"Point","coordinates":[106.91,47.91]},"properties":{"id":"ergenekon","name":"Ergenekon — Birth of the Turks","mythologyId":"turkic","type":"hero","era":"MS 600","eraBucket":"medieval","summary":"After a devastating defeat, the last surviving Turks fled to the mythical Ergenekon valley, surrounded by impassable mountains. For generations they lived in isolation. When they grew too numerous, a blacksmith melted the iron mountain with a great fire, and a grey wolf (Bozkurt) led them out to conquer the steppe.","imageUrl":"","themes":"rebirth,wolf-totem,escape,forge,national-identity"}},{"type":"Feature","geometry":{"type":"Point","coordinates":[59.61,36.29]},"properties":{"id":"rostam-labors","name":"Seven Labors of Rostam","mythologyId":"persian","type":"hero","era":"MS 1010","eraBucket":"medieval","summary":"The greatest hero of Persian legend, Rostam, completed seven impossible tasks to rescue King Kavus: slaying a lion, surviving the desert, defeating a dragon, overcoming a sorceress, capturing a demon, surviving a storm, and slaying the White Demon. His tragic fate was killing his own son Sohrab in battle.","imageUrl":"","themes":"heroism,labors,tragedy,father-son,fate"}},{"type":"Feature","geometry":{"type":"Point","coordinates":[174.76,-36.85]},"properties":{"id":"maui-fire","name":"Maui Fishes Up Islands & Snares the Sun","mythologyId":"polynesian","type":"trickster","era":"MS 1300","eraBucket":"medieval","summary":"The demigod Maui was a supreme trickster. He fished up the North Island of New Zealand using his grandmother's jawbone as a hook. He snared the sun with ropes to slow its journey and give people more daylight. He stole fire from the underworld goddess Mahuika. He died attempting to win immortality by crawling through the goddess of death.","imageUrl":"","themes":"trickster,fire,creation,mortality,cleverness"}},{"type":"Feature","geometry":{"type":"Point","coordinates":[130.84,-12.46]},"properties":{"id":"dreamtime-rainbow-serpent","name":"The Rainbow Serpent","mythologyId":"aboriginal","type":"creation","era":"60,000+ years ago","eraBucket":"ancient","summary":"In the Dreamtime, the Rainbow Serpent slithered across the flat land, creating rivers, valleys, and ridges with its massive body. It established the laws of behavior and consequence. Those who obey prosper; those who break the law are turned to stone. It still sleeps in waterways, maintaining the natural order.","imageUrl":"","themes":"creation,land,law,water,cycle"}},{"type":"Feature","geometry":{"type":"Point","coordinates":[3.92,7.4]},"properties":{"id":"yoruba-creation","name":"Creation of the World (Yoruba)","mythologyId":"yoruba","type":"creation","era":"MÖ 500","eraBucket":"ancient","summary":"Olodumare sent Obatala to create land by pouring sand from a snail shell onto the primordial ocean. A chicken scratched the sand to spread it, forming land. Obatala shaped humans from clay but got drunk on palm wine, creating those with disabilities. Oduduwa completed the task, founding Ile-Ife, the sacred city.","imageUrl":"","themes":"creation,divine-imperfection,city-founding,responsibility"}},{"type":"Feature","geometry":{"type":"Point","coordinates":[27.68,63.1]},"properties":{"id":"kalevala-sampo","name":"Forging of the Sampo","mythologyId":"finnish","type":"quest","era":"MS 1835","eraBucket":"modern","summary":"The eternal sage Väinämöinen commissioned the smith Ilmarinen to forge the Sampo, a magical artifact that produced flour, salt, and gold. It was given to Louhi, mistress of Pohjola (the North), as a bride-price. When Väinämöinen, Ilmarinen, and Lemminkäinen attempted to steal it back, the Sampo was shattered in a sea battle.","imageUrl":"","themes":"magic-artifact,quest,creation,loss,song-power"}},{"type":"Feature","geometry":{"type":"Point","coordinates":[-115.14,36.17]},"properties":{"id":"coyote-trickster","name":"Coyote Steals Fire","mythologyId":"native-american","type":"trickster","era":"ancient","eraBucket":"ancient","summary":"In many Native American traditions, Coyote stole fire from the Fire Spirits to give to humanity. Through cunning and relay races with other animals, the fire was passed until it reached humanity. Coyote's cleverness is balanced by his foolishness. He is both creator and destroyer, teacher and troublemaker.","imageUrl":"","themes":"trickster,fire,cleverness,transformation,teaching"}},{"type":"Feature","geometry":{"type":"Point","coordinates":[-5.93,54.59]},"properties":{"id":"cuchulainn-battle","name":"Cú Chulainn's Defense of Ulster","mythologyId":"celtic","type":"hero","era":"MS 100","eraBucket":"ancient","summary":"When Queen Medb of Connacht invaded Ulster to steal the Brown Bull, the teenage hero Cú Chulainn single-handedly defended the province at a ford, fighting champions in single combat for months due to a curse on the Ulster warriors. His battle frenzy (ríastrad) transformed him into a terrifying creature.","imageUrl":"","themes":"heroism,defense,transformation,sacrifice,youth"}},{"type":"Feature","geometry":{"type":"Point","coordinates":[42.7,42.27]},"properties":{"id":"amirani-fire","name":"Amirani — Georgian Prometheus","mythologyId":"georgian","type":"hero","era":"MÖ 1000","eraBucket":"ancient","summary":"Amirani, son of a goddess, stole fire from the heavens and gave it to humanity. As punishment, he was chained to a rock in the Caucasus Mountains where an eagle eternally pecks at his heart. He still struggles to break free, causing earthquakes. The parallel with Prometheus is striking and ancient.","imageUrl":"https://upload.wikimedia.org/wikipedia/commons/thumb/8/8f/So_1956.jpg/960px-So_1956.jpg","themes":"fire,sacrifice,defiance,punishment,earthquake"}},{"type":"Feature","geometry":{"type":"Point","coordinates":[34.62,40.02]},"properties":{"id":"kumarbi-cycle","name":"Song of Kumarbi — Divine Succession","mythologyId":"hittite","type":"cosmology","era":"MÖ 1400","eraBucket":"ancient","summary":"Alalu was overthrown by Anu (heaven), who was overthrown by Kumarbi, who bit off and swallowed Anu's genitals. From this act, the storm god Teshub was born and eventually defeated Kumarbi. This divine succession myth closely parallels the Greek Theogony's account of Kronos and Zeus.","imageUrl":"","themes":"succession,cosmic-battle,generation,castration,kingship"}},{"type":"Feature","geometry":{"type":"Point","coordinates":[35.94,35.6]},"properties":{"id":"baal-cycle","name":"Baal Cycle — Storm vs Sea vs Death","mythologyId":"phoenician","type":"cosmology","era":"MÖ 1400","eraBucket":"ancient","summary":"Baal, storm god of the Canaanites, defeated Yamm (Sea) to establish order. He then confronted Mot (Death) and was killed, descending to the underworld. His sister-consort Anat defeated Mot, and Baal was resurrected. The cycle repeats with the seasons, ensuring agriculture and cosmic balance.","imageUrl":"https://upload.wikimedia.org/wikipedia/commons/thumb/d/d1/P1180250_Louvre_Langue_ougaritique_Tablette_poeme_mythologique_AO16641_et_16642_rwk.jpg/960px-P1180250_Louvre_Langue_ougaritique_Tablette_poeme_mythologique_AO16641_et_16642_rwk.jpg","themes":"cosmic-battle,death,resurrection,seasons,storm"}},{"type":"Feature","geometry":{"type":"Point","coordinates":[42.18,38.73]},"properties":{"id":"david-sassoun","name":"David of Sassoun","mythologyId":"armenian","type":"hero","era":"MS 900","eraBucket":"medieval","summary":"The Armenian national epic tells of four generations of heroes from Sassoun. David, the greatest, wielded a magical sword and rode a supernatural horse. He defeated the tyrannical Msra Melik and liberated his people. His grandson Mher was trapped inside a rock for eternity, emerging only when the world becomes worthy.","imageUrl":"https://upload.wikimedia.org/wikipedia/commons/thumb/e/e0/Sasuntsi_Davit_closeup3.jpg/960px-Sasuntsi_Davit_closeup3.jpg","themes":"heroism,liberation,legacy,imprisonment,generational"}},{"type":"Feature","geometry":{"type":"Point","coordinates":[4.54,8.48]},"properties":{"id":"shango-thunder","name":"Shango — Lord of Thunder","mythologyId":"yoruba","type":"hero","era":"MS 1400","eraBucket":"medieval","summary":"Shango was a powerful king of Oyo who wielded thunder and fire. Betrayed by his subjects, he hanged himself but was deified as the orisha of thunder and justice. His three wives — Oya (wind), Oba (river), and Oshun (fertility) — became powerful orishas themselves. He is invoked for justice and strength.","imageUrl":"https://upload.wikimedia.org/wikipedia/commons/thumb/1/14/Representa%C3%A7%C3%A3o_de_Xang%C3%B4_MN_01.jpg/960px-Representa%C3%A7%C3%A3o_de_Xang%C3%B4_MN_01.jpg","themes":"thunder,justice,kingship,death,deification"}},{"type":"Feature","geometry":{"type":"Point","coordinates":[109.65,48.56]},"properties":{"id":"mongol-blue-wolf","name":"The Blue Wolf and the Fallow Doe","mythologyId":"mongolian","type":"creation","era":"MS 1240","eraBucket":"medieval","summary":"The Mongol people descended from Börte Chino (Blue Wolf) who mated with Gua Maral (Fallow Doe) after crossing the sea. Their offspring populated the steppe and eventually produced Genghis Khan, who united the Mongol tribes under Eternal Blue Heaven's mandate. The wolf remains a sacred ancestor symbol.","imageUrl":"","themes":"ancestry,divine-mandate,wolf,empire,origin"}},{"type":"Feature","geometry":{"type":"Point","coordinates":[33.74,16.83]},"properties":{"id":"nubian-apedemak","name":"Apedemak the Lion God","mythologyId":"nubian","type":"war","era":"MÖ 300","eraBucket":"ancient","summary":"Apedemak, the lion-headed warrior god of Kush, was worshipped as the supreme war deity. His temple at Naqa features him dispensing prisoners to the Meroitic king. The warrior queen Amanirenas invoked Apedemak when she led Kushite armies against Roman Egypt, famously losing an eye in battle but winning favorable terms.","imageUrl":"","themes":"war,lion,queenship,resistance,divine-power"}},{"type":"Feature","geometry":{"type":"Point","coordinates":[84.99,24.7]},"properties":{"id":"buddhist-jataka","name":"Jataka Tales — Buddha's Past Lives","mythologyId":"buddhist","type":"transformation","era":"MÖ 300","eraBucket":"ancient","summary":"The Jataka tales recount over 500 previous lives of the Buddha as he accumulated merit toward enlightenment. In various incarnations as animals, kings, and ordinary people, the Bodhisattva demonstrated compassion, generosity, and wisdom. The stories teach moral lessons through allegory and adventure.","imageUrl":"https://upload.wikimedia.org/wikipedia/commons/thumb/4/4c/Southern_India%2C_Andhra_Pradesh%2C_possibly_Amaravati%2C_Satavahana_period_-_Buddha%27s_Previous_Life_as_a_Woodpecker-_Javasakunda_Jataka_-_1970.350_-_Cleveland_Museum_of_Art_%28cropped%29.tif/lossy-page1-960px-thumbnail.tif.jpg","themes":"compassion,transformation,karma,wisdom,sacrifice"}},{"type":"Feature","geometry":{"type":"Point","coordinates":[11.78,42.22]},"properties":{"id":"etruscan-afterlife","name":"Etruscan Afterlife Banquet","mythologyId":"etruscan","type":"afterlife","era":"MÖ 600","eraBucket":"ancient","summary":"Etruscan tomb paintings depict joyful afterlife banquets where the deceased feast, dance, and enjoy music in the presence of guardian spirits. Vanth, a winged female figure, guided souls. Charun, with his hammer, guarded the underworld gate. The Etruscans viewed death as a transition to continued celebration.","imageUrl":"","themes":"afterlife,banquet,joy,transition,guardian-spirits"}},{"type":"Feature","geometry":{"type":"Point","coordinates":[-97.06,19.84]},"properties":{"id":"quetzalcoatl","name":"Quetzalcoatl's Exile","mythologyId":"aztec","type":"trickster","era":"MS 1100","eraBucket":"medieval","summary":"Quetzalcoatl, the Feathered Serpent, ruled as a wise priest-king of Tula. His rival Tezcatlipoca tricked him into drunkenness and sin. Ashamed, Quetzalcoatl exiled himself, sailing east on a raft of serpents, vowing to return. This prophecy later played into the Spanish conquest when Cortés was initially mistaken for the returning god.","imageUrl":"","themes":"exile,trickery,shame,prophecy,return"}},{"type":"Feature","geometry":{"type":"Point","coordinates":[59.61,36.29]},"properties":{"id":"persian-creation","name":"Ahura Mazda vs Angra Mainyu","mythologyId":"persian","type":"cosmology","era":"MÖ 1000","eraBucket":"ancient","summary":"Ahura Mazda (Wise Lord) created the world from pure thought. His adversary Angra Mainyu (Destructive Spirit) corrupted creation with disease, death, and evil. History is the 12,000-year cosmic battle between truth (asha) and falsehood (druj). At the end, a Saoshyant (savior) will purify the world in molten metal, defeating evil forever.","imageUrl":"","themes":"dualism,cosmic-battle,good-evil,eschatology,truth"}},{"type":"Feature","geometry":{"type":"Point","coordinates":[22.43,39.07]},"properties":{"id":"deucalion-flood","name":"Deucalion's Flood","mythologyId":"greek","type":"cosmology","era":"MÖ 700","eraBucket":"ancient","summary":"Zeus sent a flood to destroy corrupt humanity. Deucalion and Pyrrha survived on a chest, landing on Mount Parnassus. They repopulated the earth by throwing stones over their shoulders — stones became people. This Greek flood narrative parallels the older Mesopotamian version closely.","imageUrl":"","themes":"flood,survival,renewal,divine-judgment"}},{"type":"Feature","geometry":{"type":"Point","coordinates":[24.9,35.3]},"properties":{"id":"theseus-minotaur","name":"Theseus and the Minotaur","mythologyId":"greek","type":"hero","era":"MÖ 700","eraBucket":"ancient","summary":"Athens was forced to send seven youths and seven maidens to Crete to feed the Minotaur in the Labyrinth. Prince Theseus volunteered, aided by Ariadne's thread to navigate the maze. He slew the beast and freed Athens from the tribute. He abandoned Ariadne on Naxos.","imageUrl":"https://upload.wikimedia.org/wikipedia/commons/thumb/2/2a/Theseus_Minotaur_BM_GR1843.11-3.28.jpg/440px-Theseus_Minotaur_BM_GR1843.11-3.28.jpg","themes":"monster-slaying,labyrinth,sacrifice,betrayal"}},{"type":"Feature","geometry":{"type":"Point","coordinates":[22.8,37.63]},"properties":{"id":"perseus-medusa","name":"Perseus and Medusa","mythologyId":"greek","type":"hero","era":"MÖ 700","eraBucket":"ancient","summary":"Perseus was sent to kill Medusa, the Gorgon whose gaze turned people to stone. Aided by Athena's mirror shield, Hermes' winged sandals, and Hades' cap of invisibility, he beheaded Medusa while looking at her reflection. He used her head to rescue Andromeda from a sea monster.","imageUrl":"","themes":"monster-slaying,divine-aid,rescue,heroism"}},{"type":"Feature","geometry":{"type":"Point","coordinates":[19.92,39.62]},"properties":{"id":"jason-argonauts","name":"Jason and the Golden Fleece","mythologyId":"greek","type":"quest","era":"MÖ 700","eraBucket":"ancient","summary":"Jason assembled the Argonauts to retrieve the Golden Fleece from Colchis. They faced clashing rocks, harpies, and fire-breathing bulls. Medea, the sorceress princess, helped Jason succeed out of love. Their return and tragic aftermath — Medea's revenge — remains one of mythology's darkest tales.","imageUrl":"https://upload.wikimedia.org/wikipedia/commons/thumb/3/33/Douris_cup_Jason_Vatican_16545.jpg/960px-Douris_cup_Jason_Vatican_16545.jpg","themes":"quest,teamwork,love,betrayal,magic"}},{"type":"Feature","geometry":{"type":"Point","coordinates":[23.32,38.32]},"properties":{"id":"oedipus","name":"Oedipus and the Sphinx","mythologyId":"greek","type":"hero","era":"MÖ 430","eraBucket":"ancient","summary":"Oedipus unknowingly fulfilled a prophecy by killing his father and marrying his mother. He first proved his wisdom by solving the Sphinx's riddle. When the truth was revealed, Jocasta hanged herself and Oedipus blinded himself. Fate proved inescapable despite every human effort.","imageUrl":"","themes":"fate,prophecy,incest,blindness,tragedy"}},{"type":"Feature","geometry":{"type":"Point","coordinates":[10.4,63.43]},"properties":{"id":"thor-jormungandr","name":"Thor vs Jörmungandr","mythologyId":"norse","type":"war","era":"MS 1200","eraBucket":"medieval","summary":"Thor and the Midgard Serpent Jörmungandr are fated enemies. Thor once nearly caught the serpent while fishing with the giant Hymir, using an ox head as bait. At Ragnarök, they will fight to their mutual destruction — Thor slays the serpent but falls dead from its venom after nine steps.","imageUrl":"","themes":"fate,monster-slaying,mutual-destruction,fishing,cosmic-battle"}},{"type":"Feature","geometry":{"type":"Point","coordinates":[-21.94,64.15]},"properties":{"id":"loki-trickster","name":"Loki's Mischief and Punishment","mythologyId":"norse","type":"trickster","era":"MS 1200","eraBucket":"medieval","summary":"Loki, the trickster god, caused endless trouble — cutting Thor's wife's hair, tricking blind Höðr into killing the beloved Balder, and scheming against the gods. Finally bound with serpent venom dripping on his face, he will break free at Ragnarök to lead the forces of chaos.","imageUrl":"","themes":"trickery,chaos,punishment,transformation,betrayal"}},{"type":"Feature","geometry":{"type":"Point","coordinates":[10.75,59.91]},"properties":{"id":"balder-death","name":"Death of Balder","mythologyId":"norse","type":"afterlife","era":"MS 1200","eraBucket":"medieval","summary":"Balder, the most beloved god, had prophetic nightmares of death. Frigg extracted oaths from all things not to harm him — except mistletoe. Loki fashioned a mistletoe dart and guided blind Höðr to throw it, killing Balder. The gods tried to ransom him from Hel but Loki refused to weep, sealing Balder's death.","imageUrl":"","themes":"death,innocence,treachery,grief,doom"}},{"type":"Feature","geometry":{"type":"Point","coordinates":[77.21,28.61]},"properties":{"id":"manu-flood","name":"Manu and the Great Flood","mythologyId":"hindu","type":"cosmology","era":"MÖ 500","eraBucket":"ancient","summary":"Manu, the first man, found a small fish that was Vishnu's avatar Matsya. The fish warned of a coming flood and instructed Manu to build a boat. When the flood came, Matsya grew enormous and towed the boat to safety on a mountain peak. Manu repopulated the earth through sacrifice and prayer.","imageUrl":"","themes":"flood,divine-warning,survival,renewal,avatar"}},{"type":"Feature","geometry":{"type":"Point","coordinates":[77.68,27.49]},"properties":{"id":"krishna-lila","name":"Krishna's Divine Play (Lila)","mythologyId":"hindu","type":"love","era":"MÖ 400","eraBucket":"ancient","summary":"Born in a prison to defeat the tyrant Kamsa, Krishna was raised among cowherds. He performed miracles — lifting Mount Govardhana, dancing with the gopis, and playing enchanting flute. His love with Radha represents the soul's longing for the divine. He later served as Arjuna's charioteer in the Mahabharata.","imageUrl":"","themes":"divine-love,play,heroism,duty,enchantment"}},{"type":"Feature","geometry":{"type":"Point","coordinates":[77.21,28.61]},"properties":{"id":"hindu-pralaya","name":"Pralaya — Cosmic Dissolution","mythologyId":"hindu","type":"cosmology","era":"MÖ 300","eraBucket":"ancient","summary":"Hindu cosmology envisions vast cycles of creation and destruction. Each cosmic day of Brahma (kalpa) spans 4.32 billion years. At the end, Shiva dances the Tandava, dissolving the universe. Vishnu sleeps on the cosmic serpent Shesha in primordial waters. From his navel grows a lotus bearing Brahma, who creates anew.","imageUrl":"https://upload.wikimedia.org/wikipedia/commons/3/3b/Wisdom-of-manu-1916.jpg%21PinterestLarge.jpg","themes":"cycles,destruction,creation,time,cosmic-dance"}},{"type":"Feature","geometry":{"type":"Point","coordinates":[108.94,34.26]},"properties":{"id":"chang-e-moon","name":"Chang'e Flies to the Moon","mythologyId":"chinese","type":"love","era":"MÖ 200","eraBucket":"ancient","summary":"The archer Hou Yi shot down nine of ten suns that were scorching the earth. He received the elixir of immortality but his wife Chang'e drank it and floated to the moon, where she lives forever with the Jade Rabbit. The Mid-Autumn Festival commemorates their eternal separation.","imageUrl":"","themes":"love,immortality,separation,moon,sacrifice"}},{"type":"Feature","geometry":{"type":"Point","coordinates":[120.15,30.27]},"properties":{"id":"dragon-kings","name":"Four Dragon Kings of the Seas","mythologyId":"chinese","type":"nature","era":"MÖ 500","eraBucket":"ancient","summary":"Four Dragon Kings rule the four seas surrounding China, controlling rain and weather. When they defied the Jade Emperor to bring rain to drought-stricken humans, they were transformed into four great rivers. The Dragon Kings' underwater crystal palaces are settings for many Chinese legends.","imageUrl":"","themes":"water,sacrifice,nature,authority,transformation"}},{"type":"Feature","geometry":{"type":"Point","coordinates":[132.75,35.37]},"properties":{"id":"susanoo-serpent","name":"Susanoo Slays Yamata no Orochi","mythologyId":"japanese","type":"hero","era":"MS 712","eraBucket":"medieval","summary":"The storm god Susanoo, banished from heaven for his wild behavior, encountered an old couple weeping over their daughter Kushinadahime, the last of eight daughters devoured by an eight-headed serpent. Susanoo got the serpent drunk on sake, then slew it. From its tail he drew the sword Kusanagi, one of Japan's imperial regalia.","imageUrl":"","themes":"dragon-slaying,rescue,divine-tool,transformation,sake"}},{"type":"Feature","geometry":{"type":"Point","coordinates":[135.77,35.01]},"properties":{"id":"kitsune-tales","name":"The Fox Wife (Kitsune)","mythologyId":"japanese","type":"transformation","era":"MS 900","eraBucket":"medieval","summary":"A beautiful woman married a man and bore his child. One night, startled by a dog, she revealed her true form — a fox spirit (kitsune). Though she loved her family, she was forced to leave, visiting only in dreams. Foxes with multiple tails possess greater power, with nine-tailed foxes being near-divine.","imageUrl":"","themes":"transformation,love,exposure,spirit-world,fox"}},{"type":"Feature","geometry":{"type":"Point","coordinates":[126.98,37.57]},"properties":{"id":"gumiho","name":"Gumiho — Nine-Tailed Fox","mythologyId":"korean","type":"transformation","era":"MS 800","eraBucket":"medieval","summary":"The gumiho is a fox that has lived a thousand years, gaining the ability to transform into a beautiful woman. Unlike Japanese kitsune, Korean gumiho are typically malevolent, consuming the livers or hearts of men. Some stories tell of gumiho who genuinely fall in love and seek to become fully human through restraint.","imageUrl":"https://upload.wikimedia.org/wikipedia/commons/8/8c/KUMIHO.jpg","themes":"transformation,danger,beauty,redemption,fox"}},{"type":"Feature","geometry":{"type":"Point","coordinates":[-90.51,14.63]},"properties":{"id":"maya-creation","name":"Maya Creation — Maize People","mythologyId":"maya","type":"creation","era":"MS 1554","eraBucket":"modern","summary":"The creator gods tried three times to make humans. Mud people dissolved, wood people were hollow and soulless. Finally, Xmucane ground white and yellow maize into dough, creating humans with blood and maize flesh. These humans were perfect — too perfect, so the gods clouded their vision to maintain divine authority.","imageUrl":"","themes":"creation,maize,imperfection,divine-authority"}},{"type":"Feature","geometry":{"type":"Point","coordinates":[37.62,55.75]},"properties":{"id":"baba-yaga","name":"Baba Yaga and Vasilisa","mythologyId":"slavic","type":"quest","era":"MS 1600","eraBucket":"modern","summary":"Orphaned Vasilisa was sent by her stepmother to fetch fire from Baba Yaga, the fearsome witch who lives in a hut on chicken legs, surrounded by a fence of bones. Using her dead mother's magical doll for guidance, Vasilisa completed impossible tasks and obtained fire that burned her cruel stepfamily.","imageUrl":"","themes":"quest,witch,cleverness,fire,maternal-protection"}},{"type":"Feature","geometry":{"type":"Point","coordinates":[43.88,39.77]},"properties":{"id":"dede-korkut","name":"Book of Dede Korkut","mythologyId":"turkic","type":"hero","era":"MS 1400","eraBucket":"medieval","summary":"The epic tales of Dede Korkut recount the adventures of Oghuz Turkish heroes. Bamsi Beyrek endures trials to marry his beloved. Kan Turali fights monsters to win a warrior princess. The wise bard Dede Korkut advises and narrates, his songs shaping destiny. Each tale upholds honor, bravery, and loyalty.","imageUrl":"https://upload.wikimedia.org/wikipedia/commons/f/fb/Kitab-%C4%B1_Dede_Korkut_ala-lisan-i_Ta%27ife-i_O%C4%9Fuzhan%2C_Dresden.jpg","themes":"heroism,honor,love,wisdom,warrior-culture"}},{"type":"Feature","geometry":{"type":"Point","coordinates":[-1.57,6.69]},"properties":{"id":"anansi","name":"Anansi the Spider","mythologyId":"yoruba","type":"trickster","era":"ancient","eraBucket":"ancient","summary":"Anansi the Spider wanted to own all stories. The sky god Nyame set impossible prices: capture Onini the python, Osebo the leopard, Mmoboro the hornets, and Mmoatia the invisible fairy. Through cunning rather than strength, Anansi captured them all. Nyame made all stories 'spider stories' (Anansesem).","imageUrl":"","themes":"trickster,cleverness,stories,ownership,wit"}},{"type":"Feature","geometry":{"type":"Point","coordinates":[-134.42,58.3]},"properties":{"id":"raven-light","name":"Raven Steals the Light","mythologyId":"native-american","type":"trickster","era":"ancient","eraBucket":"ancient","summary":"In the beginning, the world was dark. The Sky Chief kept the sun, moon, and stars in bentwood boxes. Raven transformed into a pine needle, was swallowed by the chief's daughter, and was reborn as her grandson. As a child, he opened the boxes one by one, releasing light into the world.","imageUrl":"","themes":"trickster,light,transformation,theft,creation"}},{"type":"Feature","geometry":{"type":"Point","coordinates":[-102.34,43.88]},"properties":{"id":"white-buffalo","name":"White Buffalo Calf Woman","mythologyId":"native-american","type":"nature","era":"ancient","eraBucket":"ancient","summary":"Two Lakota warriors encountered a beautiful woman in white. One approached with desire and was reduced to bones. The other was respectful. She brought the sacred pipe (chanunpa), teaching seven sacred rites including the Sun Dance, vision quest, and sweat lodge. She transformed into a white buffalo calf and vanished.","imageUrl":"https://upload.wikimedia.org/wikipedia/commons/b/b0/Detail_from_%E2%80%9CApparition_of_the_Buffalo_Calf_Maiden%E2%80%9D_%281959%29_by_Frithjof_Schuon.jpg","themes":"sacred-gift,transformation,respect,ceremony,nature"}},{"type":"Feature","geometry":{"type":"Point","coordinates":[27.68,63.1]},"properties":{"id":"kalevala-vainamoinen","name":"Väinämöinen's Creation Song","mythologyId":"finnish","type":"creation","era":"MS 1835","eraBucket":"modern","summary":"The goddess Ilmatar lay floating on the primordial ocean. A teal laid seven eggs on her knee; they broke and formed the earth, sky, sun, and moon. From the waters Väinämöinen was born, an ancient sage who sang the world into being. His songs had the power to reshape reality itself.","imageUrl":"","themes":"creation,song,magic,primordial-ocean,bird"}},{"type":"Feature","geometry":{"type":"Point","coordinates":[-99.13,19.43]},"properties":{"id":"aztec-tlaloc","name":"Tlaloc and the Rain Sacrifice","mythologyId":"aztec","type":"nature","era":"MS 1400","eraBucket":"medieval","summary":"Tlaloc, the rain god, dwelt atop mountain peaks and in caves where clouds formed. He brought sustaining rain but also destructive storms, hail, and floods. Child sacrifices were offered to Tlaloc, their tears believed to bring rain. His paradise, Tlalocan, received those who died by water or lightning.","imageUrl":"","themes":"rain,sacrifice,nature,death,duality"}},{"type":"Feature","geometry":{"type":"Point","coordinates":[-71.98,-13.52]},"properties":{"id":"inca-inti-raymi","name":"Inti Raymi — Festival of the Sun","mythologyId":"inca","type":"nature","era":"MS 1400","eraBucket":"medieval","summary":"Each winter solstice, the Inca held Inti Raymi, fearing the sun might not return. The Sapa Inca fasted, then led elaborate ceremonies with sacrifices, music, and feasting. Sacred flames were kindled with mirrors, and chicha (corn beer) was offered. The festival reinforced the Sapa Inca's divine solar lineage.","imageUrl":"https://upload.wikimedia.org/wikipedia/commons/thumb/f/fb/Inti_Raymi.jpg/960px-Inti_Raymi.jpg","themes":"sun,festival,kingship,renewal,sacrifice"}},{"type":"Feature","geometry":{"type":"Point","coordinates":[174.76,-36.85]},"properties":{"id":"polynesian-creation","name":"Separation of Rangi and Papa","mythologyId":"polynesian","type":"creation","era":"MS 1200","eraBucket":"medieval","summary":"Sky Father Rangi and Earth Mother Papa lay locked in eternal embrace, trapping their children in darkness. The children debated how to separate them. Tane Mahuta, god of forests, pushed them apart with his legs. Tawhirimatea, god of storms, was furious and attacked his brothers. Rangi's tears became rain.","imageUrl":"","themes":"creation,separation,family-conflict,light,nature"}},{"type":"Feature","geometry":{"type":"Point","coordinates":[-68.52,63.75]},"properties":{"id":"sedna","name":"Sedna — Mistress of the Sea","mythologyId":"native-american","type":"nature","era":"ancient","eraBucket":"ancient","summary":"Sedna was a beautiful Inuit woman tricked into marrying a bird spirit. Her father Anguta rescued her by kayak, but a storm threatened to capsize them. He threw Sedna overboard; when she clung to the boat, he cut off her fingers. Her fingers became seals, walruses, and whales. She sank to rule the sea floor.","imageUrl":"","themes":"betrayal,transformation,sea,survival,sacrifice"}},{"type":"Feature","geometry":{"type":"Point","coordinates":[133.87,-23.7]},"properties":{"id":"songline","name":"The Songlines — Walking the Dreaming","mythologyId":"aboriginal","type":"cosmology","era":"60,000+ years ago","eraBucket":"ancient","summary":"During the Dreaming, Ancestor Beings walked across Australia singing the world into existence. Each feature — rock, waterhole, hill — was created by their songs. Aboriginal people maintain these songlines as navigational paths, spiritual practices, and legal codes. Walking a songline connects past creation with present reality.","imageUrl":"","themes":"creation,song,walking,law,connection"}},{"type":"Feature","geometry":{"type":"Point","coordinates":[-99.13,19.43]},"properties":{"id":"aztec-mictlan","name":"Journey to Mictlan","mythologyId":"aztec","type":"afterlife","era":"MS 1400","eraBucket":"medieval","summary":"After death, most Aztec souls traveled to Mictlan through nine challenging layers over four years. They crossed rivers of blood, passed between clashing mountains, endured razor-sharp winds, and finally stood before the death lord Mictlantecuhtli. A hairless dog (xoloitzcuintli) guided the soul through the underworld.","imageUrl":"","themes":"afterlife,journey,death,trials,dog-guide"}},{"type":"Feature","geometry":{"type":"Point","coordinates":[23.79,61.5]},"properties":{"id":"finnish-tuonela","name":"Väinämöinen's Journey to Tuonela","mythologyId":"finnish","type":"afterlife","era":"MS 1835","eraBucket":"modern","summary":"Väinämöinen journeyed to Tuonela, the Finnish underworld, seeking magical knowledge. He crossed the dark river and was received by the death goddess Tuonetar, who offered him beer of forgetfulness. Iron nets were cast to trap him. Using his shape-shifting powers, Väinämöinen escaped as a snake, warning others never to visit Tuonela voluntarily.","imageUrl":"","themes":"underworld,knowledge,danger,escape,shape-shifting"}},{"type":"Feature","geometry":{"type":"Point","coordinates":[77.21,28.61]},"properties":{"id":"hindu-creation","name":"Purusha Sacrifice — Vedic Creation","mythologyId":"hindu","type":"creation","era":"MÖ 1200","eraBucket":"ancient","summary":"The cosmic being Purusha was sacrificed by the gods. From his body, the world was created: his mouth became brahmins, arms became warriors, thighs became merchants, feet became servants. From his mind came the moon, eyes the sun, breath the wind. This primordial sacrifice established cosmic and social order.","imageUrl":"","themes":"creation,sacrifice,social-order,cosmic-being,division"}},{"type":"Feature","geometry":{"type":"Point","coordinates":[106.92,47.92]},"properties":{"id":"mongol-creation","name":"Creation by Eternal Blue Heaven","mythologyId":"mongolian","type":"creation","era":"ancient","eraBucket":"ancient","summary":"Eternal Blue Heaven (Möngke Tengri) created the world from primordial waters. He sent a duck to dive for mud from the ocean floor; from this mud he shaped the earth. The devil figure Erlik created mountains and swamps as obstacles. Tengri breathed soul into humans, while Erlik gave them disease and death.","imageUrl":"","themes":"creation,sky-god,duality,earth-diver,breath"}},{"type":"Feature","geometry":{"type":"Point","coordinates":[30.52,50.45]},"properties":{"id":"slavic-creation","name":"Rod Creates the Universe","mythologyId":"slavic","type":"creation","era":"MÖ 500","eraBucket":"ancient","summary":"Rod, the supreme creator, broke the cosmic egg to create the universe. Light and darkness, earth and sky separated. He created Svarog the sky-smith who forged the sun. The Rozhanitsy (Rod's daughters) wove the fates of all living beings. Rod breathed life into everything and retired to the highest heaven.","imageUrl":"","themes":"creation,cosmic-egg,light-dark,fate,smith"}},{"type":"Feature","geometry":{"type":"Point","coordinates":[106.91,47.91]},"properties":{"id":"turkic-creation","name":"Tengri and the World Tree","mythologyId":"turkic","type":"cosmology","era":"MÖ 500","eraBucket":"ancient","summary":"The Turkic cosmos is organized around a great World Tree connecting three realms: the upper sky-realm of Tengri, the middle world of humans, and the lower realm of Erlik. Shamans climb the tree in trance to communicate between worlds. Sixteen-layered heavens and seven-layered underworld contain various spirits.","imageUrl":"","themes":"cosmos,world-tree,shamanism,three-realms,spirits"}},{"type":"Feature","geometry":{"type":"Point","coordinates":[35.5,33.89]},"properties":{"id":"phoenician-creation","name":"Phoenician Cosmogony","mythologyId":"phoenician","type":"creation","era":"MÖ 1200","eraBucket":"ancient","summary":"From primordial dark wind and chaos, Mot (a cosmic egg of mud) cracked open. Sun, moon, and stars emerged. Animals and then humans appeared on the shores of Phoenicia. El, the father of gods, established divine order. The craftsman god Kothar-wa-Khasis fashioned divine tools and temples.","imageUrl":"","themes":"creation,cosmic-egg,emergence,divine-craftsmanship"}},{"type":"Feature","geometry":{"type":"Point","coordinates":[34.62,40.02]},"properties":{"id":"hittite-illuyanka","name":"The Dragon Illuyanka","mythologyId":"hittite","type":"war","era":"MÖ 1400","eraBucket":"ancient","summary":"The Storm God was defeated by the dragon Illuyanka, who stole his heart and eyes. The goddess Inaras seduced Illuyanka with a feast, getting him drunk so a mortal could bind him. In another version, the Storm God's son married Illuyanka's daughter and recovered the organs, allowing his father to triumph.","imageUrl":"","themes":"dragon-slaying,trickery,divine-recovery,storm,vengeance"}},{"type":"Feature","geometry":{"type":"Point","coordinates":[31.82,18.53]},"properties":{"id":"nubian-creation","name":"Jebel Barkal — Sacred Mountain of Creation","mythologyId":"nubian","type":"creation","era":"MÖ 1500","eraBucket":"ancient","summary":"The Nubians believed Jebel Barkal was the primordial mound of creation where the god Amun dwelt inside the mountain. A natural rock pinnacle resembled a uraeus (royal cobra), confirming divine presence. This sacred geography legitimized Kushite kings as true pharaohs, heirs to the original creation.","imageUrl":"https://upload.wikimedia.org/wikipedia/commons/thumb/4/4e/Gebel_Barkal.jpg/960px-Gebel_Barkal.jpg","themes":"creation,mountain,sacred-geography,kingship,divine-presence"}},{"type":"Feature","geometry":{"type":"Point","coordinates":[44.51,40.18]},"properties":{"id":"armenian-vahagn","name":"Birth of Vahagn the Dragon-Slayer","mythologyId":"armenian","type":"hero","era":"MÖ 500","eraBucket":"ancient","summary":"Vahagn was born from cosmic fire — heaven and earth labored, the sea turned red, and from a reed stalk fire emerged, forming a golden-haired youth with eyes like suns. He slew dragons (vishaps) and stole hay from the Milky Way (the 'Straw-Thief's Way' in Armenian). He was Armenia's war god.","imageUrl":"","themes":"divine-birth,fire,dragon-slaying,cosmic,war"}},{"type":"Feature","geometry":{"type":"Point","coordinates":[41.68,42.16]},"properties":{"id":"georgian-creation","name":"The Golden Fleece in Colchis","mythologyId":"georgian","type":"quest","era":"MÖ 700","eraBucket":"ancient","summary":"In Georgian tradition, King Aeetes of Colchis guarded the Golden Fleece — the skin of a divine ram that had rescued children from sacrifice. The fleece hung in a sacred grove guarded by a dragon. When Jason came with the Argonauts, Aeetes' daughter Medea betrayed her father out of love. The story reflects Colchis's historical gold wealth.","imageUrl":"","themes":"quest,gold,betrayal,love,dragon-guardian"}},{"type":"Feature","geometry":{"type":"Point","coordinates":[12.49,41.9]},"properties":{"id":"roman-metamorphoses","name":"Metamorphoses — Tales of Transformation","mythologyId":"roman","type":"transformation","era":"MS 8","eraBucket":"ancient","summary":"Ovid's Metamorphoses weaves 250 transformation myths into a continuous narrative from creation to Julius Caesar's apotheosis. Narcissus becomes a flower, Daphne a laurel tree, Arachne a spider, and Icarus falls from the sky. Each transformation reveals the consequences of hubris, desire, or divine whim.","imageUrl":"https://upload.wikimedia.org/wikipedia/commons/thumb/4/4e/Ovidius_Naso_-_Metamorphoses%2C_del_MCCCCLXXXXVII_Adi_X_del_mese_di_aprile_-_1583162_Carta_a1r.jpeg/960px-Ovidius_Naso_-_Metamorphoses%2C_del_MCCCCLXXXXVII_Adi_X_del_mese_di_aprile_-_1583162_Carta_a1r.jpeg","themes":"transformation,hubris,desire,divine-punishment,art"}},{"type":"Feature","geometry":{"type":"Point","coordinates":[12.49,41.9]},"properties":{"id":"roman-creation","name":"Roman Creation — Ages of Man","mythologyId":"roman","type":"creation","era":"MÖ 43","eraBucket":"ancient","summary":"The Roman creation myth describes four ages: the Golden Age under Saturn, when the earth yielded crops without labor; the Silver Age; the Bronze Age of warfare; and the Iron Age of suffering. Each age saw moral decline. Saturn's Golden Age became the model for the Saturnalia festival.","imageUrl":"","themes":"creation,ages,decline,golden-age,civilization"}},{"type":"Feature","geometry":{"type":"Point","coordinates":[-1.83,51.18]},"properties":{"id":"celtic-arthurian","name":"The Quest for the Holy Grail","mythologyId":"celtic","type":"quest","era":"MS 1200","eraBucket":"medieval","summary":"King Arthur's knights of the Round Table embarked on the quest for the Holy Grail, the cup used by Christ at the Last Supper. Only the pure-hearted Galahad succeeded, while Lancelot was denied for his adultery with Guinevere. The quest reveals each knight's spiritual worth and the limits of martial valor.","imageUrl":"","themes":"quest,purity,failure,holy-object,spiritual-worth"}},{"type":"Feature","geometry":{"type":"Point","coordinates":[-6.26,53.34]},"properties":{"id":"celtic-tir-na-nog","name":"Oisín in Tír na nÓg","mythologyId":"celtic","type":"love","era":"MS 300","eraBucket":"ancient","summary":"The warrior Oisín fell in love with Niamh of the Golden Hair, who brought him to Tír na nÓg (Land of the Young). He lived there for what seemed three years but was actually 300. Returning to Ireland, he was forbidden to touch the ground. When he fell from his horse, he aged instantly into an old man.","imageUrl":"","themes":"love,immortality,time,otherworld,loss"}},{"type":"Feature","geometry":{"type":"Point","coordinates":[127.15,35.82]},"properties":{"id":"korean-chunhyang","name":"Tale of Chunhyang","mythologyId":"korean","type":"love","era":"MS 1700","eraBucket":"modern","summary":"Chunhyang, the daughter of a gisaeng (courtesan), secretly married the nobleman's son Mongryong. When Mongryong left for Seoul, the corrupt governor Byeon Hakdo tried to force Chunhyang to be his concubine. She refused and was tortured. Mongryong returned as a secret royal inspector and saved her. Their love transcended class.","imageUrl":"","themes":"love,class,resistance,justice,loyalty"}},{"type":"Feature","geometry":{"type":"Point","coordinates":[11.78,43.07]},"properties":{"id":"etruscan-creation","name":"Tages Rises from the Furrow","mythologyId":"etruscan","type":"creation","era":"MÖ 700","eraBucket":"ancient","summary":"While plowing a field near Tarquinia, a farmer's plow uncovered a child with the wisdom of an elder. This was Tages, a divine being who taught the Etruscans the art of haruspicy (reading entrails), the interpretation of lightning, and the sacred laws (Etrusca disciplina). He then vanished.","imageUrl":"","themes":"divine-revelation,divination,plowing,wisdom,sacred-law"}},{"type":"Feature","geometry":{"type":"Point","coordinates":[22.5,38.47]},"properties":{"id":"pandora-box","name":"Pandora's Box","mythologyId":"greek","type":"cosmology","era":"MÖ 700","eraBucket":"ancient","summary":"Zeus created Pandora, the first woman, as punishment for Prometheus's theft of fire. Each god gave her gifts — beauty, cunning, curiosity. She was given a jar (pithos) and told never to open it. Curiosity overwhelmed her, releasing all evils into the world. Only Hope remained inside.","imageUrl":"https://upload.wikimedia.org/wikipedia/commons/thumb/b/b1/Lawrence_Alma-Tadema_10.jpeg/960px-Lawrence_Alma-Tadema_10.jpeg","themes":"curiosity,punishment,evil,hope,women"}},{"type":"Feature","geometry":{"type":"Point","coordinates":[23.32,38.36]},"properties":{"id":"narcissus","name":"Echo and Narcissus","mythologyId":"greek","type":"love","era":"MÖ 700","eraBucket":"ancient","summary":"The beautiful Narcissus rejected all lovers, including the nymph Echo who faded to only a voice. Nemesis cursed him to fall in love with his own reflection. Unable to look away from the pool, Narcissus wasted away and was transformed into the flower bearing his name.","imageUrl":"https://upload.wikimedia.org/wikipedia/commons/thumb/e/ee/Affresco_romano_-_Pompei_-_Narciso_ed_Eco.JPG/960px-Affresco_romano_-_Pompei_-_Narciso_ed_Eco.JPG","themes":"vanity,transformation,love,punishment,reflection"}},{"type":"Feature","geometry":{"type":"Point","coordinates":[26.24,39.96]},"properties":{"id":"trojan-horse","name":"The Trojan Horse","mythologyId":"greek","type":"war","era":"MÖ 700","eraBucket":"ancient","summary":"After ten years besieging Troy, the Greeks built a hollow wooden horse and hid warriors inside. They feigned retreat. Despite Laocoön's warning, the Trojans brought the horse inside their walls. At night, Greek soldiers emerged and opened the gates. Troy burned in a single devastating night.","imageUrl":"https://upload.wikimedia.org/wikipedia/commons/thumb/5/51/Mykonos_vase.jpg/960px-Mykonos_vase.jpg","themes":"deception,war,fall,strategy,hubris"}},{"type":"Feature","geometry":{"type":"Point","coordinates":[-21.94,64.15]},"properties":{"id":"mead-poetry","name":"Theft of the Mead of Poetry","mythologyId":"norse","type":"quest","era":"MS 1200","eraBucket":"medieval","summary":"The Mead of Poetry was brewed from the blood of the wisest being, Kvasir. Odin infiltrated the giant Suttung's mountain by seducing his daughter Gunnlöð. He drank all three cauldrons of mead and escaped as an eagle, spitting the mead into vessels in Asgard. Some spilled to earth, giving mortals poetry.","imageUrl":"","themes":"poetry,theft,transformation,wisdom,seduction"}},{"type":"Feature","geometry":{"type":"Point","coordinates":[78.47,17.36]},"properties":{"id":"hindu-narasimha","name":"Narasimha — The Man-Lion Avatar","mythologyId":"hindu","type":"hero","era":"MÖ 400","eraBucket":"ancient","summary":"The demon king Hiranyakashipu received a boon: he could not be killed by man or animal, inside or outside, by day or night. He terrorized his devoted son Prahlada who worshipped Vishnu. Vishnu appeared as Narasimha (half-man, half-lion) at twilight, on a threshold, and killed the demon on his lap.","imageUrl":"https://upload.wikimedia.org/wikipedia/commons/thumb/f/f3/South_India%2C_late_Chola_Period_-_Yoga_Narashimha%2C_Vishnu_in_his_Man-Lion_Avatar_-_1973.187_-_Cleveland_Museum_of_Art.tif/lossy-page1-960px-South_India%2C_late_Chola_Period_-_Yoga_Narashimha%2C_Vishnu_in_his_Man-Lion_Avatar_-_1973.187_-_Cleveland_Museum_of_Art.tif.jpg","themes":"avatar,loophole,devotion,divine-intervention,justice"}},{"type":"Feature","geometry":{"type":"Point","coordinates":[114.35,34.75]},"properties":{"id":"chinese-yijing","name":"Fu Xi and the Eight Trigrams","mythologyId":"chinese","type":"cosmology","era":"MÖ 3000","eraBucket":"ancient","summary":"The sage-emperor Fu Xi observed patterns in nature — the markings on a dragon-horse, turtle shells, and the stars. He devised the eight trigrams (bagua), capturing the fundamental principles of reality: heaven, earth, fire, water, mountain, lake, wind, and thunder. These became the basis of the I Ching.","imageUrl":"","themes":"wisdom,pattern,divination,nature,civilization"}},{"type":"Feature","geometry":{"type":"Point","coordinates":[113.65,34.75]},"properties":{"id":"chinese-flood","name":"Yu the Great Controls the Flood","mythologyId":"chinese","type":"hero","era":"MÖ 2200","eraBucket":"ancient","summary":"Great floods threatened China. Yu's father Gun tried to stop them by stealing magic soil from heaven. He failed. Yu spent thirteen years channeling the waters through drainage, never visiting home even when passing by. He divided the land into nine provinces and became the first emperor of the Xia dynasty.","imageUrl":"","themes":"flood,duty,selflessness,engineering,kingship"}},{"type":"Feature","geometry":{"type":"Point","coordinates":[139.69,35.68]},"properties":{"id":"japanese-tanabata","name":"Tanabata — The Star-Crossed Lovers","mythologyId":"japanese","type":"love","era":"MS 700","eraBucket":"medieval","summary":"Orihime (Vega) wove beautiful cloth for her father the Sky King. She fell in love with the cowherd Hikoboshi (Altair). They neglected their work, so the Sky King separated them on opposite sides of the Milky Way. They may meet only once a year on the seventh of July, when magpies form a bridge.","imageUrl":"https://upload.wikimedia.org/wikipedia/commons/thumb/d/df/Fussa_Tanabata_Festival-Tokyo.jpg/960px-Fussa_Tanabata_Festival-Tokyo.jpg","themes":"love,separation,stars,reunion,duty"}},{"type":"Feature","geometry":{"type":"Point","coordinates":[139.69,35.68]},"properties":{"id":"urashima-taro","name":"Urashima Tarō — The Fisherman's Journey","mythologyId":"japanese","type":"quest","era":"MS 700","eraBucket":"medieval","summary":"Fisherman Urashima Tarō rescued a turtle, which took him to the Dragon Palace under the sea. He married the princess Otohime and lived happily for three days. Returning home, he found 300 years had passed. He opened a forbidden box she gave him and aged instantly to dust.","imageUrl":"https://upload.wikimedia.org/wikipedia/commons/thumb/9/9f/Matsuki_Heikichi%281899%29-Urashima-p04.jpg/960px-Matsuki_Heikichi%281899%29-Urashima-p04.jpg","themes":"time,journey,undersea,loss,forbidden"}},{"type":"Feature","geometry":{"type":"Point","coordinates":[-90.51,14.63]},"properties":{"id":"maya-flood","name":"The Flood of the Wood People","mythologyId":"maya","type":"cosmology","era":"MS 1554","eraBucket":"modern","summary":"In the second creation, the gods made humans from wood. These people could speak but lacked hearts and minds, showing no gratitude to their creators. The gods sent a great flood of black rain and resin. Animals and even their own tools attacked the wood people. Their descendants became monkeys.","imageUrl":"","themes":"flood,creation,punishment,ingratitude,monkeys"}},{"type":"Feature","geometry":{"type":"Point","coordinates":[30.52,50.45]},"properties":{"id":"slavic-rusalki","name":"The Rusalki — Water Spirits","mythologyId":"slavic","type":"nature","era":"MÖ 500","eraBucket":"ancient","summary":"Rusalki are water spirits — souls of young women who died violently near water. They emerge during Rusalka Week in early summer, dancing in moonlit meadows and forests. Their beauty enchants young men, whom they lure into rivers to drown. Green wreaths and garlic protect against them.","imageUrl":"","themes":"water,death,seduction,spirits,seasonal"}},{"type":"Feature","geometry":{"type":"Point","coordinates":[74.59,42.87]},"properties":{"id":"turkic-alp-er-tunga","name":"Alp Er Tunga — The Great King","mythologyId":"turkic","type":"hero","era":"MÖ 600","eraBucket":"ancient","summary":"Alp Er Tunga (identified with the Persian Afrasiyab) was a legendary Turkic king who waged wars against Iran. His death was sung in elegies across the Turkic world. Mahmud of Kashgar recorded mourning poems in the Divan. He represented the ideal Turkic ruler — brave, just, and fierce in battle.","imageUrl":"","themes":"heroism,death,mourning,kingship,warfare"}},{"type":"Feature","geometry":{"type":"Point","coordinates":[51.42,35.7]},"properties":{"id":"persian-simorgh","name":"Zal and the Simorgh","mythologyId":"persian","type":"hero","era":"MS 1010","eraBucket":"medieval","summary":"Zal, born with white hair, was abandoned on Mount Damavand by his ashamed father Sam. The Simorgh, a benevolent mythical bird, raised him. When Sam repented, the Simorgh returned Zal with one of her feathers — when burned, she would come to his aid. Zal married Rudabeh and fathered the hero Rostam.","imageUrl":"","themes":"abandonment,nurturing,divine-bird,reconciliation,legacy"}},{"type":"Feature","geometry":{"type":"Point","coordinates":[84.99,24.7]},"properties":{"id":"buddhist-mara","name":"Buddha's Enlightenment — Temptation by Mara","mythologyId":"buddhist","type":"transformation","era":"MÖ 500","eraBucket":"ancient","summary":"Under the Bodhi tree, Siddhartha meditated for 49 days seeking enlightenment. Mara, lord of illusion, attacked him with armies, tempted him with beautiful daughters, and challenged his right to awaken. Siddhartha touched the earth, calling it as witness. Mara fled, and Siddhartha became the Buddha — the Awakened One.","imageUrl":"","themes":"enlightenment,temptation,meditation,truth,awakening"}},{"type":"Feature","geometry":{"type":"Point","coordinates":[-155.6,19.48]},"properties":{"id":"polynesian-pele","name":"Pele — Goddess of Volcanoes","mythologyId":"polynesian","type":"nature","era":"MS 1000","eraBucket":"medieval","summary":"Pele traveled across the Pacific creating volcanic islands until she settled in Hawaii's Kīlauea. She is both creator and destroyer — lava from her anger forms new land. Her rivalry with the pig god Kamapua'a and her love for the mortal Lohiau drive dramatic narratives. She is a living deity still honored today.","imageUrl":"","themes":"fire,creation,destruction,rivalry,nature"}},{"type":"Feature","geometry":{"type":"Point","coordinates":[151.21,-33.87]},"properties":{"id":"aboriginal-fire","name":"How Fire Was Stolen (Aboriginal)","mythologyId":"aboriginal","type":"trickster","era":"ancient","eraBucket":"ancient","summary":"In various Aboriginal traditions, fire was guarded by selfish keepers. Crow (or other clever animals) devised schemes to steal it for the people. In one version, Crow tricked the fire-keepers into opening their sacred box, grabbed a burning stick, and flew away, scorching his feathers permanently black.","imageUrl":"","themes":"fire,trickster,theft,sharing,transformation"}},{"type":"Feature","geometry":{"type":"Point","coordinates":[3.92,7.4]},"properties":{"id":"yoruba-ifa","name":"Ifa Divination — Orunmila's Gift","mythologyId":"yoruba","type":"cosmology","era":"ancient","eraBucket":"ancient","summary":"Orunmila, the orisha of wisdom, witnessed creation and knows the destiny of all beings. He gave humanity the Ifa divination system — 256 odu (signs) containing stories, medicines, and wisdom for every life situation. A babalawo (priest) casts palm nuts or chains to read destiny. Eshu carries messages between humans and orishas.","imageUrl":"","themes":"divination,wisdom,destiny,knowledge,spiritual-practice"}},{"type":"Feature","geometry":{"type":"Point","coordinates":[107,48]},"properties":{"id":"mongol-shamanism","name":"The Shaman's Journey to the Sky","mythologyId":"mongolian","type":"cosmology","era":"ancient","eraBucket":"ancient","summary":"Mongolian shamans enter ecstatic trance, their soul traveling up the World Tree or riding spirit horses to reach the sky realms. They pass through nine or thirteen heavens to petition Tengri for healing, rain, or guidance. The shaman's drum is their spirit horse, and their costume represents the cosmos.","imageUrl":"","themes":"shamanism,journey,sky,healing,trance"}},{"type":"Feature","geometry":{"type":"Point","coordinates":[33.73,16.93]},"properties":{"id":"nubian-kandake","name":"The Warrior Queens (Kandakes)","mythologyId":"nubian","type":"hero","era":"MÖ 200","eraBucket":"ancient","summary":"The Kandakes (warrior queens) of Kush were both political rulers and living goddesses. Amanirenas led armies against Augustus's Rome, blinding herself in battle. Amanishakheto accumulated enormous treasure. They ruled with divine authority from Apedemak, building pyramids and temples that rivaled Egypt's achievements.","imageUrl":"","themes":"queenship,war,divine-authority,resistance,power"}},{"type":"Feature","geometry":{"type":"Point","coordinates":[-68.15,-16.5]},"properties":{"id":"inca-pachamama","name":"Pachamama — Earth Mother","mythologyId":"inca","type":"nature","era":"MÖ 500","eraBucket":"ancient","summary":"Pachamama is the living earth, a nurturing goddess who provides food, water, and shelter. In return, she demands respect and offerings (despachos). She can cause earthquakes when angry. During planting and harvest, chicha and coca leaves are offered. She is not merely a nature goddess — she IS the earth, alive and conscious.","imageUrl":"https://upload.wikimedia.org/wikipedia/commons/thumb/e/e8/Santa_Cruz_Pachacuti_Yamqui_Pachamama.jpg/960px-Santa_Cruz_Pachacuti_Yamqui_Pachamama.jpg","themes":"earth,nature,reciprocity,agriculture,respect"}},{"type":"Feature","geometry":{"type":"Point","coordinates":[-90.37,15.45]},"properties":{"id":"maya-xibalba","name":"The Descent to Xibalba","mythologyId":"maya","type":"afterlife","era":"MS 1554","eraBucket":"modern","summary":"Hun Hunahpu and his twin descended to Xibalba, the underworld, summoned by the Lords of Death who were angered by their ball-playing. They failed the tests — the Dark House, Cold House, Jaguar House, Fire House, and Bat House. They were sacrificed, and Hun Hunahpu's head was placed in a calabash tree.","imageUrl":"","themes":"underworld,trial,death,ball-game,sacrifice"}},{"type":"Feature","geometry":{"type":"Point","coordinates":[51.68,32.66]},"properties":{"id":"persian-flood","name":"Yima's Vara — Persian Flood Myth","mythologyId":"persian","type":"cosmology","era":"MÖ 1000","eraBucket":"ancient","summary":"Ahura Mazda warned King Yima of a coming winter that would destroy all life. He instructed Yima to build a vara (enclosure) and fill it with the finest specimens of every living thing — seeds, animals, and humans. After the great winter passed, Yima's vara repopulated the world.","imageUrl":"","themes":"flood,preservation,divine-warning,enclosure,renewal"}},{"type":"Feature","geometry":{"type":"Point","coordinates":[-109.62,36.17]},"properties":{"id":"navajo-creation","name":"Navajo Emergence — Four Worlds","mythologyId":"native-american","type":"creation","era":"ancient","eraBucket":"ancient","summary":"The Navajo people emerged through four colored worlds — Black, Blue, Yellow, and White. In each world, conflicts caused by Coyote forced migration upward. Spider Woman taught weaving; First Man and First Woman brought sacred medicine bundles. Through a reed, the people climbed into the Fifth World — the present glittering world.","imageUrl":"","themes":"creation,emergence,migration,worlds,sacred-bundle"}},{"type":"Feature","geometry":{"type":"Point","coordinates":[108.94,34.26]},"properties":{"id":"chinese-zhurong","name":"Zhurong vs Gonggong — Battle of Fire and Water","mythologyId":"chinese","type":"war","era":"MÖ 500","eraBucket":"ancient","summary":"The fire god Zhurong battled the water god Gonggong for supremacy. Defeated, Gonggong smashed his head against Mount Buzhou, one of the pillars holding up the sky. The sky tilted, causing floods and fires. Nüwa repaired the sky with five-colored stones and cut off a turtle's legs as new pillars.","imageUrl":"","themes":"war,fire,water,cosmic-damage,repair"}},{"type":"Feature","geometry":{"type":"Point","coordinates":[126.98,37.57]},"properties":{"id":"korean-ondal","name":"Princess Pyeonggang and the Fool Ondal","mythologyId":"korean","type":"love","era":"MS 500","eraBucket":"medieval","summary":"The spirited princess cried so much that her father promised her to the village fool Ondal. She left the palace and married him, training him in martial arts and scholarship. Ondal became the nation's greatest general, proving that talent and love transcend social status. He died in battle defending the kingdom.","imageUrl":"","themes":"love,transformation,class,heroism,potential"}},{"type":"Feature","geometry":{"type":"Point","coordinates":[72.88,19.08]},"properties":{"id":"hindu-ganesha","name":"The Birth of Ganesha","mythologyId":"hindu","type":"creation","era":"MÖ 400","eraBucket":"ancient","summary":"Parvati created a boy from turmeric paste to guard her bath. When Shiva returned and the boy blocked him, Shiva beheaded him in rage. Parvati's grief was so great that Shiva promised to restore the child with the head of the first creature found — an elephant. Thus Ganesha was born, remover of obstacles and lord of beginnings.","imageUrl":"","themes":"creation,conflict,restoration,wisdom,beginnings"}},{"type":"Feature","geometry":{"type":"Point","coordinates":[-6.26,53.34]},"properties":{"id":"celtic-morrigan","name":"The Morrígan — Phantom Queen of Battle","mythologyId":"celtic","type":"war","era":"MÖ 300","eraBucket":"ancient","summary":"The Morrígan is a triple goddess of war, fate, and death. She appears as a crow over battlefields, selecting who will die. She offered Cú Chulainn her love, and when refused, became his enemy — yet also his protector. Before battles, she washed the armor of those fated to die at the ford.","imageUrl":"https://upload.wikimedia.org/wikipedia/commons/1/1a/Morrigan.jpg","themes":"war,fate,death,sovereignty,shapeshifting"}},{"type":"Feature","geometry":{"type":"Point","coordinates":[-99.13,19.43]},"properties":{"id":"aztec-coyolxauhqui","name":"Huitzilopochtli vs Coyolxauhqui","mythologyId":"aztec","type":"war","era":"MS 1400","eraBucket":"medieval","summary":"Coatlicue became pregnant from a ball of feathers. Her daughter Coyolxauhqui and 400 brothers plotted to kill her in shame. At the moment of attack, Huitzilopochtli was born fully armed, dismembering Coyolxauhqui and hurling her down Mount Coatepec. This battle is reenacted daily as the sun defeats the moon and stars.","imageUrl":"","themes":"birth,war,sacrifice,sun-moon,sibling-rivalry"}},{"type":"Feature","geometry":{"type":"Point","coordinates":[15.09,37.5]},"properties":{"id":"roman-proserpina","name":"Proserpina and the Pomegranate","mythologyId":"roman","type":"nature","era":"MÖ 200","eraBucket":"ancient","summary":"Pluto abducted Proserpina to the underworld. Her mother Ceres caused all plants to die. Jupiter brokered a deal but Proserpina had eaten pomegranate seeds — binding her to six months below. Her annual return brings spring; her departure brings winter. The Eleusinian-style mysteries spread this cult across the Roman Empire.","imageUrl":"","themes":"seasons,abduction,pomegranate,mother-daughter,nature"}},{"type":"Feature","geometry":{"type":"Point","coordinates":[23.79,61.5]},"properties":{"id":"finnish-lemminkainen","name":"Lemminkäinen's Death and Resurrection","mythologyId":"finnish","type":"hero","era":"MS 1835","eraBucket":"modern","summary":"The reckless hero Lemminkäinen was killed trying to shoot the swan of Tuonela. His body was hacked to pieces and thrown into the river of the dead. His mother, sensing his death, raked the river with a copper rake, gathered every fragment, and sang him back to life — the power of a mother's love and magic defeating death.","imageUrl":"","themes":"death,resurrection,mother,song-magic,recklessness"}},{"type":"Feature","geometry":{"type":"Point","coordinates":[24.9,35.3]},"properties":{"id":"greek-daedalus","name":"Daedalus and Icarus","mythologyId":"greek","type":"quest","era":"MÖ 700","eraBucket":"ancient","summary":"The master craftsman Daedalus built the Labyrinth for King Minos, then was imprisoned with his son Icarus. He crafted wings from feathers and wax. He warned Icarus not to fly too high or too low. Icarus, exhilarated, soared toward the sun. The wax melted and he fell into the sea.","imageUrl":"https://upload.wikimedia.org/wikipedia/commons/thumb/d/db/Gaziantep_Zeugma_Museum_Daedalus_mosaic_1873.jpg/960px-Gaziantep_Zeugma_Museum_Daedalus_mosaic_1873.jpg","themes":"hubris,flight,warning,technology,fall"}},{"type":"Feature","geometry":{"type":"Point","coordinates":[11.97,57.72]},"properties":{"id":"norse-freya-necklace","name":"Freyja and the Brísingamen","mythologyId":"norse","type":"quest","era":"MS 1200","eraBucket":"medieval","summary":"Freyja desired the Brísingamen, a necklace of incomparable beauty forged by four dwarves. She spent a night with each dwarf to obtain it. Loki stole it on Odin's orders, transforming into a flea to unpin the clasp. Heimdall fought Loki to recover it. The necklace became Freyja's most treasured possession.","imageUrl":"","themes":"desire,beauty,theft,transformation,divine-femininity"}},{"type":"Feature","geometry":{"type":"Point","coordinates":[31.24,30.04]},"properties":{"id":"egyptian-sekhmet","name":"The Destruction of Mankind (Sekhmet)","mythologyId":"egyptian","type":"war","era":"MÖ 2000","eraBucket":"ancient","summary":"Ra sent his eye (Hathor/Sekhmet) to punish disobedient humanity. The lioness goddess Sekhmet went on a blood-fueled rampage, threatening to destroy all humans. To stop her, the gods dyed beer red with ochre to resemble blood. Sekhmet drank it, became drunk, and fell asleep, transforming back into gentle Hathor.","imageUrl":"","themes":"destruction,feminine-fury,trickery,duality,salvation"}},{"type":"Feature","geometry":{"type":"Point","coordinates":[79.13,10.78]},"properties":{"id":"hindu-shiva-tandava","name":"Shiva's Cosmic Dance (Nataraja)","mythologyId":"hindu","type":"cosmology","era":"MS 600","eraBucket":"medieval","summary":"Shiva performs the Tandava, the cosmic dance that creates, sustains, and destroys the universe. As Nataraja (Lord of the Dance), he dances within a ring of fire. One foot crushes the dwarf Apasmara (ignorance), while the other is raised in liberation. His drum sounds creation, his fire hand destruction.","imageUrl":"","themes":"cosmic-dance,creation,destruction,ignorance,liberation"}},{"type":"Feature","geometry":{"type":"Point","coordinates":[120.16,30.25]},"properties":{"id":"chinese-white-snake","name":"Legend of the White Snake","mythologyId":"chinese","type":"love","era":"MS 1624","eraBucket":"modern","summary":"A white snake spirit transformed into a beautiful woman and fell in love with the mortal Xu Xian. They married and she used her powers to help the sick. The monk Fahai exposed her true form and imprisoned her under Leifeng Pagoda. Green Snake eventually freed her. Their love transcended the boundary between human and spirit.","imageUrl":"https://upload.wikimedia.org/wikipedia/commons/thumb/5/52/Long_Gallery-Legend_white_snake.JPG/960px-Long_Gallery-Legend_white_snake.JPG","themes":"love,transformation,persecution,spirit-human,loyalty"}},{"type":"Feature","geometry":{"type":"Point","coordinates":[133.93,34.66]},"properties":{"id":"japanese-momotaro","name":"Momotarō — The Peach Boy","mythologyId":"japanese","type":"hero","era":"MS 1600","eraBucket":"modern","summary":"An old childless couple found a giant peach floating down a river. Inside was a baby boy, Momotarō. He grew strong and journeyed to Onigashima (Demon Island) with a dog, monkey, and pheasant as companions. Together they defeated the oni and returned with treasure. Momotarō represents kindness and courage.","imageUrl":"https://upload.wikimedia.org/wikipedia/commons/5/5d/Momotaro2.jpg","themes":"heroism,teamwork,journey,monster-slaying,kindness"}},{"type":"Feature","geometry":{"type":"Point","coordinates":[37.62,55.75]},"properties":{"id":"slavic-firebird","name":"The Firebird (Zhar-Ptitsa)","mythologyId":"slavic","type":"quest","era":"MS 1600","eraBucket":"modern","summary":"Prince Ivan pursued the Firebird that was stealing golden apples. Guided by a grey wolf, he endured trials — capturing the bird, stealing a golden horse, and rescuing a princess. His jealous brothers killed him, but the wolf brought him back to life. Ivan married the princess and claimed the kingdom.","imageUrl":"","themes":"quest,firebird,wolf-helper,betrayal,resurrection"}},{"type":"Feature","geometry":{"type":"Point","coordinates":[51.42,35.7]},"properties":{"id":"persian-kay-kavus","name":"Kay Kavus Flies to Heaven","mythologyId":"persian","type":"quest","era":"MS 1010","eraBucket":"medieval","summary":"The vainglorious king Kay Kavus attempted to fly to heaven by harnessing eagles to his throne with meat tied above them on lances. The eagles flew upward seeking the meat. When exhausted, the eagles and throne crashed into a forest. Rostam had to rescue the humiliated king, as always.","imageUrl":"","themes":"hubris,flight,failure,rescue,kingship"}},{"type":"Feature","geometry":{"type":"Point","coordinates":[91.17,29.65]},"properties":{"id":"buddhist-avalokiteshvara","name":"Avalokiteshvara and the Thousand Arms","mythologyId":"buddhist","type":"transformation","era":"MS 200","eraBucket":"ancient","summary":"The bodhisattva Avalokiteshvara vowed to free all beings from suffering. Looking upon the world, seeing endless pain, his head split into pieces from grief. Amitabha restored him with eleven heads to hear all cries and a thousand arms to reach all who suffer. In East Asia, Avalokiteshvara became Guanyin/Kannon.","imageUrl":"","themes":"compassion,transformation,suffering,vow,infinite-reach"}},{"type":"Feature","geometry":{"type":"Point","coordinates":[-155.25,19.9]},"properties":{"id":"polynesian-creation-chant","name":"Kumulipo — Hawaiian Creation Chant","mythologyId":"polynesian","type":"creation","era":"MS 1700","eraBucket":"modern","summary":"The Kumulipo is a 2,100-line creation chant linking the Hawaiian royal family to the origin of the cosmos. Creation proceeds from darkness to light, from coral and shellfish through fish, reptiles, birds, and finally humans. Each phase pairs male and female creative forces. The chant was performed at royal births.","imageUrl":"","themes":"creation,evolution,genealogy,chant,birth"}},{"type":"Feature","geometry":{"type":"Point","coordinates":[-70.26,43.66]},"properties":{"id":"native-american-corn-mother","name":"Corn Mother — Gift of Agriculture","mythologyId":"native-american","type":"nature","era":"ancient","eraBucket":"ancient","summary":"In Penobscot tradition, Corn Mother arose from corn silk and married First Father. When famine came, she instructed her sons to kill her and drag her body over bare ground. From her flesh grew corn; from her bones grew tobacco. She sacrificed herself so her people would never go hungry.","imageUrl":"","themes":"sacrifice,agriculture,mother,corn,gifts"}},{"type":"Feature","geometry":{"type":"Point","coordinates":[12.49,41.89]},"properties":{"id":"roman-sabine","name":"Rape of the Sabine Women","mythologyId":"roman","type":"war","era":"MÖ 750","eraBucket":"ancient","summary":"Early Rome had men but no women. Romulus invited the neighboring Sabines to a festival, then his men seized the women. War erupted between Romans and Sabines. The abducted women — now wives and mothers — threw themselves between the armies, demanding peace. The two peoples merged into one nation.","imageUrl":"https://upload.wikimedia.org/wikipedia/commons/7/7d/L._Titurius_L.f._Sabinus._denarius%2C_89_BC%2C_RRC_344-1a_%28cropped_reverse%29.jpg","themes":"abduction,war,peace,marriage,founding"}},{"type":"Feature","geometry":{"type":"Point","coordinates":[30.8,27.78]},"properties":{"id":"egyptian-thoth","name":"Thoth Wins Five Days from the Moon","mythologyId":"egyptian","type":"trickster","era":"MÖ 2000","eraBucket":"ancient","summary":"Ra cursed Nut that she could not give birth on any day of the year (then 360 days). Thoth, god of wisdom, gambled with the moon god Khonsu, winning moonlight to create five extra days outside the regular calendar. During these five intercalary days, Nut bore Osiris, Isis, Set, Nephthys, and Horus the Elder.","imageUrl":"","themes":"trickery,calendar,gambling,birth,cosmic-law"}},{"type":"Feature","geometry":{"type":"Point","coordinates":[45,32]},"properties":{"id":"mesopotamian-etana","name":"Etana — The King Who Flew to Heaven","mythologyId":"mesopotamian","type":"quest","era":"MÖ 2000","eraBucket":"ancient","summary":"King Etana of Kish had no heir. An eagle, punished for betraying a serpent, was rescued by Etana in exchange for carrying him to heaven to find the Plant of Birth. Riding the eagle ever higher, Etana looked down and the earth shrank to nothing. Whether he succeeded remains unknown — the tablet is broken.","imageUrl":"https://upload.wikimedia.org/wikipedia/commons/thumb/3/32/Fragment_of_the_Epic_of_Etana%2C_Akkadian%2C_Mesopotamia%2C_First_Dynasty_of_Babylon%2C_c._1895-1595_BC%2C_clay_-_Morgan_Library_%26_Museum_-_New_York_City_-_DSC06599.jpg/960px-Fragment_of_the_Epic_of_Etana%2C_Akkadian%2C_Mesopotamia%2C_First_Dynasty_of_Babylon%2C_c._1895-1595_BC%2C_clay_-_Morgan_Library_%26_Museum_-_New_York_City_-_DSC06599.jpg","themes":"flight,quest,kingship,partnership,heaven"}},{"type":"Feature","geometry":{"type":"Point","coordinates":[88.36,22.57]},"properties":{"id":"hindu-durga","name":"Durga Slays Mahishasura","mythologyId":"hindu","type":"war","era":"MS 400","eraBucket":"ancient","summary":"The buffalo demon Mahishasura received a boon that he could be killed by no god or man. He conquered the heavens. The gods combined their energies to create Durga, a goddess of supreme power. Each god gave her a weapon. After a nine-day battle, she slew Mahishasura, proving that divine feminine power surpasses all.","imageUrl":"","themes":"feminine-power,demon-slaying,divine-creation,war,triumph"}},{"type":"Feature","geometry":{"type":"Point","coordinates":[108.94,34.26]},"properties":{"id":"chinese-chang-e-archer","name":"Hou Yi Shoots Down Nine Suns","mythologyId":"chinese","type":"hero","era":"MÖ 200","eraBucket":"ancient","summary":"Ten sun-birds, sons of the sky god Di Jun, decided to cross the sky together, scorching the earth. The divine archer Hou Yi was sent to discipline them. When they refused to return, Hou Yi shot down nine suns, leaving one to light the world. Di Jun was furious and banished Hou Yi from heaven.","imageUrl":"","themes":"heroism,archery,sacrifice,banishment,suns"}},{"type":"Feature","geometry":{"type":"Point","coordinates":[126.98,37.57]},"properties":{"id":"korean-creation","name":"Changsega — Korean Creation Epic","mythologyId":"korean","type":"creation","era":"ancient","eraBucket":"ancient","summary":"In the beginning, the giant Mireuk separated heaven and earth and placed four bronze pillars at the corners. He created the sun, moon, and stars from hanging lamps. A rival, Seokga, challenged him to a flower-growing contest. Seokga cheated, but won power over the human world, explaining why evil exists.","imageUrl":"","themes":"creation,contest,cheating,imperfection,cosmic-order"}},{"type":"Feature","geometry":{"type":"Point","coordinates":[-6.26,53.34]},"properties":{"id":"celtic-salmon-knowledge","name":"Fionn and the Salmon of Knowledge","mythologyId":"celtic","type":"transformation","era":"MS 300","eraBucket":"ancient","summary":"The druid Finnegas spent seven years fishing for the Salmon of Knowledge in the River Boyne. Young Fionn was tasked with cooking it but burned his thumb on the fish and instinctively sucked it. That taste gave him all the salmon's wisdom. Whenever he needed answers, he sucked his thumb to access infinite knowledge.","imageUrl":"","themes":"wisdom,accident,knowledge,fish,transformation"}},{"type":"Feature","geometry":{"type":"Point","coordinates":[3.92,7.4]},"properties":{"id":"yoruba-ogun","name":"Ogun Clears the Path to Earth","mythologyId":"yoruba","type":"hero","era":"ancient","eraBucket":"ancient","summary":"When the orishas descended from heaven to populate earth, the path was blocked by impenetrable forest. Only Ogun, god of iron, possessed the tools to cut through. He forged a machete and cleared the road. For this service, all orishas honored him. He became patron of blacksmiths, warriors, and all who use metal.","imageUrl":"","themes":"path-clearing,iron,service,technology,pioneering"}},{"type":"Feature","geometry":{"type":"Point","coordinates":[128,-26]},"properties":{"id":"aborig-seven-sisters","name":"The Seven Sisters (Pleiades)","mythologyId":"aboriginal","type":"cosmology","era":"40,000+ years ago","eraBucket":"ancient","summary":"Across Aboriginal Australia, the Pleiades are seven sisters fleeing a persistent hunter (Orion). They travel across the land, creating landmarks as they go. When he gets too close, they fly into the sky to escape. The hunter follows, forever chasing them across the heavens. The story maps onto real geography and star movements.","imageUrl":"","themes":"stars,pursuit,escape,landscape,astronomy"}},{"type":"Feature","geometry":{"type":"Point","coordinates":[106.92,47.92]},"properties":{"id":"mongol-geser","name":"Epic of King Gesar","mythologyId":"mongolian","type":"hero","era":"MS 1100","eraBucket":"medieval","summary":"King Gesar was sent from heaven to combat the demons infecting the human world. He was born miraculously, endured exile, and united the fractured tribes of Ling. Through martial prowess and divine wisdom, he defeated demon kings in all four directions. The longest epic in world literature — over a million verses in some versions.","imageUrl":"https://upload.wikimedia.org/wikipedia/commons/thumb/6/62/Gesar_Gruschke.jpg/960px-Gesar_Gruschke.jpg","themes":"heroism,demon-slaying,kingship,divine-mission,unity"}},{"type":"Feature","geometry":{"type":"Point","coordinates":[23.32,38.32]},"properties":{"id":"greek-antigone","name":"Antigone's Defiance","mythologyId":"greek","type":"hero","era":"MÖ 441","eraBucket":"ancient","summary":"Antigone defied King Creon's edict by burying her brother Polynices, choosing divine law over human law. Creon sentenced her to death. She hanged herself, Creon's son Haemon killed himself at her tomb, and Creon's wife followed. Creon was left destroyed, learning too late that justice cannot be separated from mercy.","imageUrl":"","themes":"defiance,duty,law,tragedy,conscience"}},{"type":"Feature","geometry":{"type":"Point","coordinates":[-21.94,64.15]},"properties":{"id":"norse-valhalla","name":"Valhalla — Hall of the Slain","mythologyId":"norse","type":"afterlife","era":"MS 800","eraBucket":"medieval","summary":"Warriors who died bravely in battle were chosen by the Valkyries to feast in Odin's great hall Valhalla. Each day they fought to the death, each evening they were resurrected to feast on the boar Sæhrímnir and drink mead from the goat Heiðrún. They prepared for the final battle of Ragnarök.","imageUrl":"https://upload.wikimedia.org/wikipedia/commons/5/5f/Walhalla_%281896%29_by_Max_Br%C3%BCckner.jpg","themes":"afterlife,warriors,feast,preparation,glory"}},{"type":"Feature","geometry":{"type":"Point","coordinates":[32.65,25.72]},"properties":{"id":"egyptian-ra-journey","name":"Ra's Nightly Journey Through the Duat","mythologyId":"egyptian","type":"cosmology","era":"MÖ 2000","eraBucket":"ancient","summary":"Each night, Ra sailed his barque through the twelve hours of the Duat (underworld). In the seventh hour, the chaos serpent Apophis attacked, threatening to swallow the sun forever. Set defended Ra, spearing the serpent. At dawn, Ra emerged reborn as Khepri, the scarab, ensuring another day for the living.","imageUrl":"","themes":"solar-journey,battle,rebirth,serpent,cosmic-cycle"}},{"type":"Feature","geometry":{"type":"Point","coordinates":[45.64,31.32]},"properties":{"id":"mesopotamian-adapa","name":"Adapa and Immortality Lost","mythologyId":"mesopotamian","type":"quest","era":"MÖ 1400","eraBucket":"ancient","summary":"Adapa, a wise priest of Enki, broke the wing of the South Wind. Summoned before Anu in heaven, Enki warned him not to eat or drink anything offered. Anu, impressed by Adapa's wisdom, offered the food and water of immortality. Following Enki's advice, Adapa refused — and humanity lost its chance at eternal life.","imageUrl":"","themes":"immortality,trickery,lost-opportunity,wisdom,divine-counsel"}},{"type":"Feature","geometry":{"type":"Point","coordinates":[-71.98,-13.52]},"properties":{"id":"inca-ayar","name":"The Four Ayar Brothers","mythologyId":"inca","type":"hero","era":"MS 1200","eraBucket":"medieval","summary":"Four brothers and four sisters emerged from caves at Pacaritambo. The strongest brother, Ayar Cachi, was sealed in a cave by his jealous siblings because his sling could crumble mountains. One brother turned to stone as a boundary marker. Ayar Manco (Manco Capac) and Mama Ocllo finally founded Cusco.","imageUrl":"","themes":"foundation,sibling-rivalry,emergence,city-founding,stone"}},{"type":"Feature","geometry":{"type":"Point","coordinates":[79.83,10.96]},"properties":{"id":"hindu-hanuman","name":"Hanuman's Leap to Lanka","mythologyId":"hindu","type":"hero","era":"MÖ 500","eraBucket":"ancient","summary":"The monkey god Hanuman, son of Vayu (Wind), volunteered to leap across the ocean to Lanka to find the captured Sita. He overcame Surasa, a sea demoness, and Simhika who tried to catch his shadow. He found Sita, delivered Rama's ring, set Lanka ablaze with his burning tail, and returned triumphant.","imageUrl":"","themes":"devotion,heroism,leap,strength,loyalty"}},{"type":"Feature","geometry":{"type":"Point","coordinates":[117.18,39.13]},"properties":{"id":"chinese-ne-zha","name":"Nezha Roils the Sea","mythologyId":"chinese","type":"hero","era":"MS 1500","eraBucket":"modern","summary":"Nezha was born from a flesh ball after three years' pregnancy. As a child, he killed the Dragon King's son while bathing in the sea, causing cosmic outrage. To save his parents from divine punishment, he carved his own flesh from his bones and returned it to them. His master resurrected him with lotus flowers.","imageUrl":"","themes":"rebellion,self-sacrifice,rebirth,youth,sea"}},{"type":"Feature","geometry":{"type":"Point","coordinates":[144.96,-37.81]},"properties":{"id":"aboriginal-crow-fire","name":"Crow and the Seven Emu Women","mythologyId":"aboriginal","type":"trickster","era":"ancient","eraBucket":"ancient","summary":"Crow was clever but hungry. He discovered the Emu Women had fire but wouldn't share. He prepared a fake wound full of ants and pretended to be injured. When the women came to help, he tricked them into gathering sticks. He stole their hidden firestick and flew away, but dropped embers across creation, giving fire to all.","imageUrl":"","themes":"fire,trickery,sharing,generosity,origin"}},{"type":"Feature","geometry":{"type":"Point","coordinates":[35.2,31.8]},"properties":{"id":"noah-flood","name":"Noah and the Great Flood","mythologyId":"biblical-hebrew","type":"creation","era":"c. 1000-500 BCE (textual formation)","eraBucket":"ancient","summary":"Human corruption leads to divine judgment through a world-flood. Noah receives warning, builds an ark, preserves life, and emerges into a renewed covenantal order.","imageUrl":"https://upload.wikimedia.org/wikipedia/commons/thumb/3/37/Edward_Hicks_-_Noah%27s_Ark.jpg/1280px-Edward_Hicks_-_Noah%27s_Ark.jpg","themes":"flood,covenant,judgment,renewal,survival"}},{"type":"Feature","geometry":{"type":"Point","coordinates":[22.5,38.48]},"properties":{"id":"apollo-python","name":"Apollo and Python at Delphi","mythologyId":"greek","type":"hero","era":"Archaic Greek tradition","eraBucket":"ancient","summary":"Apollo slays Python and establishes Delphi as a prophetic center, transforming violent conquest into institutional sacred order.","imageUrl":"https://upload.wikimedia.org/wikipedia/commons/thumb/d/d0/Apollo_del_Belvedere.jpg/1024px-Apollo_del_Belvedere.jpg","themes":"prophecy,sanctuary,divine-order,dragon-slaying"}}]}
